emp_id,emp_name,no_of_projects,manager_rating,promotion
E1110,James Hill,1,3,1
E3215,Michael Moore,16,4,0
E3576,Courtney Padilla,2,4,0
E3887,Michael Harrison,6,5,0
E3072,Wendy Bauer,2,1,0
E4698,Kimberly Wiggins,2,1,0
E2533,Kristin Hamilton,24,2,1
E943,Christina Brown,7,4,0
E025,Tara Robertson,29,1,1
E4396,Adam Harper,29,1,0
E2980,Jeanette Garcia,11,3,0
E4596,Albert Garcia,13,2,0
E1892,Jerry Hanson,16,2,0
E1046,Laura Whitehead,9,2,1
E3724,Charles Green,27,5,0
E340,Shawn Mccoy,30,2,1
E3224,Jaime Price,3,3,0
E013,Stephanie Martinez,27,2,1
E4399,Heather Gordon,12,4,1
E069,Jared Stevenson,24,2,1
E3884,Scott Powers,29,4,1
E3192,Terry Miles,7,2,0
E937,Diane Wood,3,5,1
E2723,Cindy Perez,15,2,0
E2706,Kathryn Johnson,28,4,1
E3205,Jody Ramirez,27,3,1
E817,Taylor Garrett,11,3,0
E4006,Kelly Walker,28,1,0
E1151,Melissa Lopez,3,3,0
E3106,Erica Griffin,15,4,0
E2955,Kelli Allen,2,5,1
E875,Anna Moore,8,2,0
E1990,Joanne Cabrera,1,2,0
E2724,Jacob Rogers DDS,27,3,1
E2470,John Garcia,10,2,0
E2406,Patrick Hayes,17,3,0
E4931,Cheryl Castillo,3,4,0
E3680,Michelle Barrett,7,5,0
E3999,John Mitchell,5,4,1
E3461,Shane Cruz,6,1,1
E1305,Christine Hooper,28,2,1
E772,Ricky Fowler,24,1,1
E2469,Kenneth Gill,14,4,0
E3261,Anna Lindsey,10,4,1
E481,Melanie Cooke,4,1,1
E275,Nicholas Jones,5,4,1
E3351,Taylor Reid,20,1,0
E714,Ryan Martinez,12,2,1
E2445,Ivan Cunningham,2,3,0
E2774,Gregory Hutchinson,28,4,1
E2751,Joseph Nelson,19,1,1
E904,Adam Mitchell,2,4,1
E1483,Kaitlyn Smith,4,3,1
E1568,Amy Gonzales,24,1,0
E4378,Brianna Davis,4,3,0
E4605,Elizabeth Pope,8,3,0
E4473,Robin Friedman,20,2,1
E4629,Dr. Mary Jones,16,3,1
E2110,Robert Price,19,5,1
E1620,Chris Ray,13,2,0
E2345,Tammy Cooper,25,5,1
E1926,Lisa Singh,11,5,1
E776,Roberta Perez,1,4,0
E588,Tammy Lane,7,4,1
E3437,Aaron Nguyen,23,3,1
E3607,Jill Williamson,15,5,0
E4164,Raymond Ray,9,4,0
E1273,Michael Beltran,20,3,0
E1605,Bradley Smith,18,4,1
E449,Steven Burke,16,2,0
E1367,Adam Bennett,7,5,1
E1133,Francisco Harris,8,5,1
E4941,Mary Williamson,3,1,0
E4863,Stephen Stevenson,9,2,1
E756,James Roach,16,1,1
E3449,Christine Gonzales,10,4,1
E2945,Rebecca Shaffer,30,4,1
E287,Terry Moore,2,4,0
E3739,Jasmine Mclean,18,3,1
E2309,Samantha Andrews,1,4,1
E2725,Amanda Reed,9,3,0
E861,Kristin Elliott,11,5,0
E975,Colleen Hall,29,1,0
E2699,Christopher Little,27,1,1
E524,Julia King,2,2,1
E1090,Cynthia Garcia,17,5,1
E3890,David Rodriguez,3,5,0
E2278,Bridget Cherry,17,3,0
E4235,Melissa Velez,6,4,0
E3625,Erika Mills,7,4,0
E3510,Michael Mills,23,2,0
E204,Jeremy White,12,1,1
E4438,Julie Gaines,13,3,1
E3810,Rachel Norton,9,3,1
E4490,Taylor Ruiz,2,4,1
E2720,James Sims,20,4,0
E3803,Mark Fletcher,8,2,0
E319,Stephen Bauer,2,2,0
E3009,Brianna Padilla,26,1,1
E2066,Amanda Reed,13,3,0
E2777,Nicholas Ramos,5,2,1
E3038,Denise Wilson,7,2,0
E579,Ronald Williams,20,2,1
E3912,Thomas Page,28,4,1
E1955,Richard Lee,11,1,1
E4110,Michael Ford,15,1,0
E2216,Lance Meyer,28,1,1
E1414,Jose Johnson,25,1,0
E2153,Christina Moore,6,2,1
E4572,Ryan Crosby,20,1,0
E2828,Melissa Stone,9,5,1
E4735,Sheryl Bennett,6,1,1
E4392,Jeff Brewer,9,4,0
E477,Brittany Dyer,15,1,0
E435,Desiree Garcia,15,3,1
E1883,Jeremy Bishop DVM,18,4,1
E3997,Debra Brady,17,3,1
E1371,Joshua Allen,5,3,0
E3872,Denise Morris,6,1,1
E231,Jason Clark,2,5,0
E3953,John Ortiz,12,2,1
E4625,Thomas Wilson,5,4,0
E691,Ricardo Curry,5,3,0
E725,Amanda Zavala,7,5,0
E4075,Danielle Bauer,29,5,0
E108,Francisco Brown,13,1,1
E4876,Monique Peters,10,3,1
E607,Mitchell Lee,23,4,0
E719,Danielle Miller,24,1,0
E097,Brent Phillips,26,5,1
E1897,Maria Cannon MD,16,1,1
E3835,Bradley Avila,5,4,1
E017,Travis Moore,28,3,1
E3530,Brandon Richardson,20,1,0
E4434,Dawn Daniels,12,1,0
E251,Lisa Brown,9,3,1
E3899,Krystal Best,18,1,0
E831,Richard Schwartz,21,1,0
E2126,Bradley Murphy,26,3,0
E1008,Lisa Decker,17,2,0
E2373,Abigail Murphy,14,3,1
E3197,Angela Warner,28,3,1
E2025,Marc Carter,16,2,1
E1598,Joseph Meyer,4,4,0
E3697,Sara Watson,6,3,0
E212,Juan Ho,26,1,0
E2115,Steven Morgan,16,4,1
E113,Ethan Cruz,28,1,1
E3575,Frank Patterson,28,2,0
E1091,Patricia Ferguson,27,5,1
E1425,Robert Schaefer,27,5,1
E374,Kevin Bennett,11,5,0
E2846,Amanda Smith,20,5,1
E3922,Debra Hayes,23,4,0
E4692,Melissa Morton,2,3,1
E4073,Michael Jones,14,2,0
E918,Kristina Eaton,6,3,0
E990,Justin Mays,10,1,0
E2994,Daniel Golden,22,3,0
E693,Ray Lewis,28,1,0
E4856,Mrs. Danielle Vincent MD,9,3,0
E2546,Samuel Johnson,2,2,0
E392,Patricia Morrison,8,5,0
E1461,Christopher Smith,29,5,0
E1549,Stacie Turner,11,5,0
E3120,Stephanie Cook,28,1,0
E1678,Emma Mercer,17,1,1
E3889,Timothy Smith,12,3,0
E4381,Renee Singh,1,3,0
E004,Angela Delacruz,29,5,1
E4746,Scott Joyce,11,3,1
E4590,Rebekah Foster,27,5,0
E3544,Brittany Holland,28,5,0
E2433,Ryan Larsen,24,3,1
E4612,Katie Martinez,25,3,1
E1039,Laura Blackwell,25,4,1
E1306,Anne Torres,16,3,0
E4442,Robert Herrera,17,5,0
E525,Mario Adams,29,5,0
E3855,Rachael Patterson,24,2,0
E300,Heather Flores,4,1,0
E2719,Matthew Allen,16,1,0
E4765,Katrina Oliver,18,1,1
E489,Jason White,2,4,0
E1018,Michael Barker,28,1,0
E2254,Courtney Sanchez,12,2,1
E4648,James Barrera,30,1,1
E011,Christopher Green,25,3,1
E3847,Melissa Smith,25,4,1
E1872,Danielle Miller MD,16,3,1
E3800,Tamara Wood,17,3,0
E506,Brian Maddox,21,2,0
E1844,Stephen Coleman,9,4,1
E2513,Brett Campbell,25,2,0
E563,Jessica Contreras,14,3,0
E1788,Paula Miller,18,3,0
E4925,Jessica Lawson,12,4,1
E371,Bradley Moore,22,2,1
E176,Zachary Maynard,6,3,0
E3288,Stephen Guzman,4,4,1
E3858,Kathleen Jones,9,2,0
E832,Hector Walsh,13,2,0
E2336,Robert Dorsey,30,3,0
E2909,Richard Hendricks,2,2,1
E3234,Christina Campbell,5,1,1
E3161,Phillip Payne,4,4,1
E2901,Paul Navarro,7,3,0
E1470,Brandon Carter,28,1,1
E1333,Kevin Chapman,3,5,1
E2943,Amanda Duran,18,4,1
E2283,Laura Gentry,29,3,0
E1237,Jonathan Keith,10,5,0
E3846,Peter Cruz,30,5,0
E2069,Tracy Torres,14,2,0
E517,Elizabeth Young,25,4,0
E4930,Melissa Brown,18,5,0
E1578,Dustin Moore,29,2,1
E783,Kimberly Berger,21,1,1
E3368,Morgan Smith,22,2,1
E758,Sarah Johnston,22,1,1
E1134,Thomas Bell,7,1,0
E3313,Charles Roberts,22,3,1
E2476,Gina Moore,1,4,0
E1097,Paul Myers,8,3,0
E972,Lee Lin,10,2,1
E3172,Savannah Ramirez,22,4,0
E2669,Danielle Morris,12,4,0
E3932,Tara Brown,8,1,0
E416,Erica Harrell,4,2,0
E4846,Angela Schneider,18,3,1
E2574,Lance Gallegos,18,2,0
E3731,Diane Lloyd DVM,3,5,0
E798,Bradley Williams,17,2,0
E2484,Cody Fisher,20,2,0
E4375,Terry Murray,6,4,0
E1927,Christina Howard,19,1,0
E3659,Jason Hawkins,17,4,0
E3240,Lori Collins,7,4,0
E2687,Kathleen Garcia,2,4,0
E4207,Joshua Moses,29,3,0
E2722,Heather Morales,27,3,0
E1548,Cheryl Miller,21,4,0
E1241,Brittany Lynch,22,2,0
E284,Robert Sanders,21,3,1
E1805,Debra Tanner,8,3,0
E2413,Anita Clark,20,1,1
E3643,Heather Flores,15,5,1
E1537,Eric Woodard,14,3,1
E2190,Timothy Mata,24,4,0
E4346,Cynthia Moore,14,5,1
E378,Sarah Henderson,9,5,1
E2361,Catherine Castro,28,4,1
E3900,Melanie Simon,16,3,1
E1643,Mario Cross,3,2,0
E4046,Jason Kennedy,13,5,0
E466,Laura Hamilton,17,1,0
E3524,Timothy Brennan,15,5,0
E1982,James Green,28,1,1
E3850,Matthew Rogers,13,2,0
E1217,Christie Kim,30,2,0
E197,Anthony Malone,17,2,1
E4582,Rick Nelson,28,2,1
E700,Christopher Fox,1,2,1
E2321,George Freeman,23,2,0
E1686,Brandon Chang,27,3,0
E4182,Jason Booth,14,1,0
E497,Troy Gonzalez,2,4,0
E3965,Heather Dennis,22,5,1
E1047,Jose Webb,8,2,0
E1021,Joseph Hendricks,19,4,1
E1016,Paul Peterson,6,3,1
E2632,Justin Watts,7,2,1
E3310,Mary Thompson,28,1,1
E4548,Jeremy Rodriguez,9,3,0
E858,Karen Bell,24,2,0
E2575,Pamela Sanchez,29,2,1
E3330,Benjamin Kelley,24,3,0
E2690,Steven Hughes,9,3,1
E1045,Cathy Dunn,2,5,1
E4644,Jenna Osborne,1,4,1
E4377,Michael Garza,10,3,0
E4509,Peggy Matthews,3,3,0
E3184,Austin Baldwin,10,2,0
E2081,Devin Weaver,16,5,0
E4387,Johnny Lopez,10,1,1
E427,Brittany Martinez,22,1,1
E1813,April Vega,25,5,0
E3235,Debra Allen,18,5,1
E1197,Aimee Murray,24,5,0
E1157,Yvette Weaver,30,2,0
E1628,Jasmine Bradford,14,2,1
E504,Troy Duncan,6,1,1
E2167,Beth Henderson,30,3,1
E3137,Robert Frazier,28,1,0
E4043,Rebecca Bowman,18,2,1
E4369,Michael Scott,19,3,1
E867,Tristan Rivera,3,5,1
E2781,James Christensen,30,5,1
E4062,Matthew Monroe,5,2,0
E2689,Patrick Larson,18,2,0
E4123,Casey Vasquez,13,2,0
E183,Jessica Rios,6,2,1
E4428,Douglas Carroll,17,2,0
E3832,Ashley Chandler,23,1,1
E2696,Shannon Johnson,21,2,1
E3651,Destiny Patterson,4,5,1
E615,Julie Sanchez,27,5,0
E3150,Deborah Diaz,28,1,1
E3944,Sherry Walker,1,3,1
E1011,Joel Patrick,2,5,1
E149,Whitney Brown,6,4,0
E165,Samantha Choi,12,4,1
E060,Daniel Richards,9,4,1
E3409,Leonard Williams,16,3,0
E4130,Gregory Lawrence,14,1,0
E549,Alvin Sanchez DDS,30,5,1
E2370,Jay Hall,5,2,0
E554,Caleb Davis,23,2,0
E2971,Caroline Le,7,2,1
E2090,Rachel Ingram,7,2,1
E4372,Edward Watson,9,2,0
E022,Benjamin Johnston,7,5,1
E3020,Kathy Goodman,16,2,1
E3765,Jesus Dodson,3,1,1
E1218,Olivia Macias,9,3,0
E1421,Matthew Foster,17,1,0
E4397,Yvonne Martinez,8,5,0
E2805,David Sullivan,14,2,0
E3875,Kenneth Powell,23,2,1
E2827,Barbara Wyatt,18,2,0
E675,Amy Rivas,18,1,1
E2858,Brandon Mann,20,5,1
E4623,Danielle Coleman,5,3,0
E885,Dr. Elizabeth Jones,5,5,1
E973,Donald Sullivan,25,3,1
E1880,Laura Hill,30,1,1
E4912,Carl Wilson,9,1,1
E1748,Mrs. Victoria Ortiz,3,1,1
E2011,William Guerrero,3,4,1
E4465,Christopher Moody,6,5,1
E3067,Kevin Ellison,3,4,1
E1576,Andrew Hayden,14,5,1
E1606,Marcus Richard,5,4,0
E923,Jamie Ali,14,4,1
E347,Sarah Lee,25,5,1
E3146,Arthur Morales,21,2,1
E3796,George Gomez,12,5,0
E1060,Edward Brown,10,5,1
E1705,Diana Lopez,22,5,1
E3237,Mr. Marc Aguilar II,19,4,1
E3567,Stacey Obrien,30,2,1
E3901,Eric White,2,1,1
E1627,Melissa Rivera,19,2,1
E156,Sandra Braun,2,1,1
E1823,Christopher Rogers,17,3,1
E1208,Wayne Lang,4,1,1
E4772,Ricky Newman,1,5,0
E021,Laura Clarke,23,2,1
E2731,Tiffany Russell,3,3,0
E1319,Cory Glass,2,2,1
E3611,Laurie Martin,30,4,0
E2868,Michael Wilkerson,19,5,1
E4598,Nicole Ayala,23,4,1
E4960,Cody Johnson,3,5,0
E2157,Allison Newman,16,3,1
E4211,Ruth Robertson,26,5,1
E1801,Tina Trujillo,22,1,1
E850,Caleb Hunter,5,1,1
E1027,John Walters,11,1,1
E942,Mason Anderson,18,3,1
E3934,Ashley Donovan,28,5,0
E1769,Brian Mercado,15,2,0
E3548,John Garcia,21,2,0
E388,Amanda Clarke,28,2,0
E1512,Amanda Kelly,19,2,1
E3706,Steven Smith,25,4,0
E3438,Sharon Morris,14,5,1
E2528,John Cox,6,2,0
E3728,Emma Santos DVM,25,2,0
E1205,Michael Thomas,29,1,0
E3123,Matthew Simmons,24,2,0
E4819,Paul Sims,24,2,0
E3814,Richard Diaz,11,1,1
E1043,Leslie Pierce,10,2,1
E854,Jeffrey Day,20,2,1
E455,John Wright,28,2,1
E1524,Jesus Kent,20,5,0
E653,Maria Hicks,2,5,0
E1987,Robert Hughes,19,2,0
E2130,Nathan Cooper,26,2,1
E1376,Charles Doyle,11,2,0
E3154,Courtney Baxter,3,4,1
E3880,John Gomez,5,1,1
E1951,David Anderson,4,3,0
E4192,Michelle Friedman,24,3,1
E128,Michael Garcia,18,4,0
E2630,Curtis Glover,29,1,1
E4456,Courtney Wallace,30,2,1
E1896,Brian Adams,25,2,1
E3668,Nicole Wagner,17,2,0
E3157,Joe Lopez,26,4,0
E533,Jacob Farmer,20,5,1
E1314,Michael Russell,22,1,0
E332,Jessica Alexander,28,2,1
E1388,Melissa Simpson,4,4,0
E4755,Lisa Huynh,15,1,0
E2936,David Farrell,8,1,1
E2771,Danielle Wright,3,4,0
E4820,Lisa Hunt,18,1,1
E1763,Kimberly Gibson,13,3,1
E154,Bridget Brown,7,2,0
E502,Jessica Horton,28,2,1
E2255,Douglas Barnes,23,5,1
E3107,Brandon Smith,2,3,1
E4168,Randy Novak,19,1,1
E1390,Emily Griffith,4,1,1
E3335,Patrick Hall,7,3,0
E4970,Holly Nguyen,30,2,0
E3228,Rhonda Mills,14,2,1
E2831,Brandon Chavez,23,2,1
E1256,Michelle Andersen,7,1,0
E2146,Brandon Baldwin,16,3,0
E2070,Shannon Rogers,9,5,0
E2159,Connie Middleton,13,2,1
E2012,Michelle Walker,25,1,0
E3014,Kelly Peterson,20,1,1
E3194,Matthew Nguyen,10,5,1
E402,Denise White,2,5,0
E1438,Erin Rogers PhD,26,2,0
E4952,Scott Cherry,8,2,0
E765,Mitchell Lowe,30,1,1
E2446,Joseph Ortiz,13,1,0
E1879,Bradley Zhang,19,2,0
E707,Richard Pearson,24,2,0
E722,Brandon Valdez,25,4,1
E4917,Courtney Lopez,21,1,1
E1284,Michael Alexander,25,1,1
E3650,Sharon Miller,9,2,0
E209,Samantha Hall,14,5,0
E4745,Gordon Williams,26,2,0
E1694,Christopher Mcdonald,15,2,1
E3204,Jared Smith MD,20,3,1
E4951,Roy Best,21,2,1
E1730,Amber Davis,5,1,0
E138,Jodi Herring,24,3,1
E3135,Michael Hall,30,2,0
E4035,Laurie Miles,15,1,1
E1017,Amy Bennett,13,4,0
E1977,Ariana Delgado,15,2,1
E2456,Anthony Mueller,14,5,0
E1903,Joan Griffin,10,4,0
E3099,Julie Graves,17,1,0
E2899,Danielle Elliott,1,4,0
E3391,Hailey Davis,4,5,1
E2024,Jacob Cole,19,5,0
E4309,Jill Hart,22,2,0
E2538,Brian Jennings,17,1,1
E4753,Amy Moreno,11,5,0
E4029,Sara Johnson,29,4,1
E3175,Jennifer Hart,2,4,0
E1269,Philip Wells,29,2,0
E2750,Joel Gonzalez,16,1,0
E1002,Rebecca Acosta,18,4,0
E1168,James Patterson,30,1,0
E1931,Jordan Rodriguez,22,3,1
E1971,Amy Curry,13,4,1
E2572,Shelby Jenkins,5,2,1
E1614,Anna Fox,11,2,1
E034,Larry Chen,12,4,1
E600,Paul Johnson,15,2,0
E1296,James Martinez,21,4,0
E4300,Stephanie Torres,24,2,0
E3561,David Johnson,5,1,0
E4975,Donna Carter,30,2,0
E1535,Lisa Conley,12,2,1
E3829,Catherine Boyd,18,3,0
E4466,Cassandra Lewis,23,3,1
E1356,Rita Andersen,16,2,0
E1163,William King,12,5,1
E2495,Jose Vasquez,30,5,1
E3916,Dana Lee,26,3,1
E2233,Christopher Collins,14,5,0
E4312,Stanley Collins DDS,23,4,0
E4561,Jeffery Douglas,25,5,0
E796,Jessica Baker,18,3,0
E055,David Webster,3,1,1
E785,Jennifer Morales,9,5,0
E843,Mrs. Chelsea Jones,19,5,0
E2243,Regina Williams,3,2,0
E1082,Brian Campbell,10,2,1
E1413,Ricardo Sullivan,24,1,0
E1502,Jennifer Miller,11,5,1
E4383,Chloe Wilson,4,1,0
E3885,Mark Gibbs,29,4,0
E320,Austin Campbell,8,2,0
E2054,Lori Davis,20,2,1
E4709,Shannon Johnson,22,3,1
E896,Jennifer Petty,8,2,1
E3591,Alexa Sanders,20,2,0
E3041,Jesse Shelton,28,3,1
E2325,Angelica Allen,15,2,0
E4734,Kimberly Robinson,6,2,1
E4562,Russell Bell,30,4,0
E4599,Marisa Allen,26,5,0
E2850,Susan Evans,7,5,0
E1791,Randy Williams,4,2,0
E4500,Joseph Mitchell,29,2,0
E3320,Jacob Fuller,5,5,1
E1375,Robert Jackson,5,4,0
E1301,Mark Johnson,14,2,0
E4446,Felicia Sanchez,23,1,1
E2463,Joseph Cortez,2,1,1
E1698,Roberto Sanchez III,15,3,0
E050,Kathryn Dunn,22,5,1
E4796,Dylan Peterson,26,5,1
E510,Michael Valdez,22,2,0
E4464,Erin Taylor,11,4,1
E282,Andrea Cervantes,11,4,1
E4229,Ana Gonzalez,23,3,0
E2545,Stephanie Bennett,3,4,0
E121,Danielle Ingram,23,3,0
E3990,Brandon Jenkins,7,1,1
E2509,David Rice,7,2,1
E1067,Kyle Hill,11,2,0
E2788,Amanda Washington,26,3,0
E3424,Matthew Walker,4,5,1
E4643,Laura Herrera,9,1,0
E4135,Mrs. Natalie Harris,8,5,0
E3036,Brenda Dean,5,4,1
E636,Christina Park,6,3,0
E2368,Nicole Orozco,11,3,0
E2791,Jill Jordan,21,1,1
E3502,Brooke Ray,29,5,1
E1930,Melissa Holmes,14,2,1
E2503,Dustin Spence,3,5,0
E2028,Kimberly Davenport,2,2,1
E009,Alisha Brown,23,2,0
E3606,Dan Martin,19,4,1
E3169,Mr. Richard Cooper MD,5,2,1
E2466,Alexandria Beck,27,4,1
E1510,Amber Smith,30,2,0
E4553,Olivia Woods,4,5,0
E3913,Melissa Beasley,30,1,1
E4887,Tyler Adams,24,1,0
E2335,Dawn Hill,19,3,1
E4814,Donna Butler,9,1,0
E2966,Kyle Reese,13,3,0
E1784,Jackie Reed,26,4,1
E425,Jeffrey Thompson,10,1,0
E3435,Larry Jackson,28,2,1
E2186,Kevin Escobar,28,2,1
E1663,Kenneth Powell,16,3,1
E1994,Mrs. Heather Mendez PhD,5,3,0
E1529,Thomas Oliver,16,3,0
E3297,Richard Martinez,18,5,0
E1359,Crystal Berry,20,5,1
E3971,Joshua Taylor,5,2,0
E1860,Susan Williams,29,2,1
E052,Adam Black,24,5,0
E3714,Robert Holt,14,3,1
E1213,Tiffany Kerr,3,5,0
E2281,Erik Knight,13,5,1
E2080,James Anderson,13,2,0
E3482,Brenda Noble,11,1,1
E849,Lynn Campos,11,2,1
E1358,Allison Salazar,10,4,0
E3218,Charles Stone,17,2,0
E299,Anthony Davidson,8,2,0
E027,Jesus Davies,5,4,0
E4685,Andrea Byrd,23,5,1
E4577,Julia Buchanan,5,2,1
E1911,Cameron Jensen,13,5,1
E1487,Timothy Scott,24,4,1
E2829,Cody Harrison,9,3,0
E4842,James Cherry,9,2,0
E2014,Corey Fisher,16,1,0
E4217,Angela Long,21,4,1
E1026,Thomas Harvey,7,2,0
E4219,Kristen Moyer,19,4,0
E766,Taylor Wolf,22,2,0
E3601,Aaron Miller,11,4,0
E665,Lisa Edwards,24,2,1
E815,Catherine Ferguson,5,2,1
E947,Nicholas Horn Jr.,12,2,1
E3962,Shannon Kent,15,5,0
E2967,Lance Reyes,11,2,0
E774,David Lawrence,7,2,0
E2353,James Miller,20,2,0
E3160,Robin Horton,17,2,0
E3935,Joseph Russell,5,3,0
E757,Emily Hahn,4,1,1
E950,Rachel Bailey,2,4,1
E261,Kylie Moran,9,5,1
E500,Sheri Black,19,4,1
E3384,Catherine Wheeler,10,3,1
E4778,Frances Holt,14,1,0
E2296,Joshua Page,16,2,0
E1682,Sean Castillo,15,4,1
E2410,Eric Harmon,3,4,1
E2589,Adam Carter,23,3,0
E006,Keith Webb,3,1,1
E1532,Kevin Jones,25,1,1
E2288,Joseph Morgan,22,2,0
E1287,Michael Smith,25,3,0
E2448,Brooke Anderson,21,3,1
E386,Teresa Lucas,19,2,1
E3540,Claudia Collins,13,3,0
E1354,Paul Barron,14,5,1
E2688,Douglas Freeman,30,4,0
E358,Jason Mccullough,2,2,1
E2860,Brianna Smith,15,2,1
E2032,Laura Wall,8,3,0
E3509,Christopher Bernard,15,2,1
E4818,Courtney Brooks,5,2,0
E2840,Christopher Bridges,6,2,0
E1671,Valerie Pruitt DVM,14,2,0
E2857,Laura Olson,17,2,1
E2797,Emma Barrett,8,1,0
E1344,Barbara Barnett,17,2,1
E4367,Dennis Le,1,5,1
E164,Joshua Daugherty,19,3,0
E4965,Cindy David,2,2,1
E2620,Robin Mccormick,27,2,1
E3231,Samantha Smith,25,5,1
E656,Danielle Kennedy,14,5,1
E4929,Peter Powers,25,1,0
E2993,Brandon Davis DDS,10,3,0
E3888,Meghan Ruiz,29,2,0
E4126,Ryan Larson,29,2,1
E3271,Carolyn Dunn,9,1,1
E1600,Jennifer Santiago,24,3,0
E2409,David Mack,27,2,0
E1551,Michael Hayes,22,5,1
E4581,Heidi Manning,4,3,0
E147,Mark Baker,14,2,1
E4492,Jesse Thompson,7,2,1
E3701,Lisa Tate,22,3,1
E1424,Gina Flores,25,2,1
E3136,Mr. Corey Tanner,25,4,0
E2638,Angela Martinez,1,4,1
E3071,Ryan Chavez,26,3,0
E2738,Jason Taylor,17,2,0
E2465,William Gutierrez,11,2,0
E2920,Jennifer Dunlap,1,4,1
E089,Nathan Warren,10,2,1
E2238,Sarah Peterson DVM,18,5,1
E3676,Alex Young,16,1,1
E118,Kenneth Harris,16,3,1
E1189,Donald Palmer,26,1,1
E2749,Amy Copeland,27,4,1
E4916,Matthew Sullivan,10,2,1
E3804,Edward Bryant,16,3,1
E2155,Blake Payne,10,2,0
E4981,James Bullock,26,3,1
E3405,William Strickland,19,4,1
E1422,Anne Jennings,5,1,1
E4315,Courtney Griffith,15,2,0
E1224,Christopher Joseph,7,5,1
E354,Anthony Patel,9,2,1
E3348,Victoria Walker,3,5,1
E682,Cathy Delgado,4,5,1
E3212,Ronald Bailey,14,4,0
E2592,Mark Barnes,18,1,0
E1776,Ricky Jimenez,18,3,1
E1690,Bruce Wright,2,5,1
E257,Patricia Fowler,23,4,1
E4153,Julie Thomas MD,14,1,1
E1849,Michael Strickland,22,5,0
E3111,Kimberly Nash,29,3,1
E1958,Jessica King,26,1,0
E233,Courtney Stevens,20,3,1
E4817,David Fisher,10,5,1
E4461,Robert Mills,23,3,1
E196,James Williams,7,2,0
E1473,Michael Saunders,7,2,1
E2228,Ruben Washington,7,4,1
E4343,Mary Clark,14,4,1
E4033,Michael Williams,10,5,1
E4057,Lacey Lynch,4,4,0
E1073,William Adams,8,1,0
E1831,Michael Nelson,19,5,0
E1999,Daniel Scott,3,4,1
E811,William Parker,8,1,1
E3484,Ryan Moore,9,1,0
E3094,Christopher Lee,17,5,1
E3117,John Williams,3,2,1
E397,Lisa Peters,16,5,1
E3442,Leslie Johnson,10,4,1
E2089,Benjamin Gutierrez,2,3,0
E3929,Emma Ward,25,2,0
E3040,Kelly Fischer,27,3,1
E800,Melissa Stanton,18,2,0
E2704,Brent Howard,19,2,1
E1179,Debbie Hammond,18,4,1
E1660,Ebony Sanchez,12,2,1
E1681,Christopher Garrett,26,5,0
E2231,Christina Vaughn,2,4,0
E2824,Kimberly Owen,3,2,0
E1616,Miranda Vazquez,26,2,1
E3539,Joseph Castro,23,4,1
E2767,William Wells,27,4,0
E3947,Lindsey Vaughn,15,5,0
E2113,Barbara Gonzalez,2,1,0
E3178,Philip Lee,27,1,1
E4056,Shelby Woodward,23,2,1
E3144,Elizabeth Gardner,7,1,1
E2997,Kathryn Howard,15,2,0
E882,Susan Hooper,6,5,0
E2091,Michelle Fowler,13,2,1
E505,Sabrina Randall,29,4,0
E2041,Samuel Phillips,25,3,0
E2976,Billy Horn,24,5,0
E540,Harold Bartlett,23,1,0
E064,Sarah Evans,25,1,0
E959,Ethan Collins,24,4,0
E078,Meredith Stuart,21,2,1
E384,Jonathan Noble,26,2,1
E561,Holly Anderson,24,5,0
E2938,Jeffrey Smith,10,5,1
E4129,Aaron Hayes,8,2,1
E2783,Mark Harris,6,4,0
E2223,Jacob Farmer,26,5,0
E448,Michelle Robbins,2,1,0
E1876,John Long,23,4,1
E3518,Edwin Summers,27,4,1
E2236,Andrew Mcdaniel,25,4,1
E4552,Rebecca Murray,17,3,0
E2870,Nicole Gonzalez,9,1,0
E3967,Jennifer French,18,1,0
E4051,Vincent Yang,24,2,0
E3635,Dominic Henry,25,2,1
E4330,Emily Hess,11,1,1
E853,Elizabeth Smith,23,1,0
E1602,Mandy Molina,25,4,0
E4843,Cassie Gutierrez,15,2,1
E812,Joseph Hunt,9,5,0
E4175,Michelle Santiago,6,1,1
E4463,Robert Hayes,20,2,0
E1192,Casey Perez,21,4,1
E1135,Dr. Donna Johnson MD,5,2,0
E954,Sherri Collier,11,1,1
E4005,Gary Smith,9,3,0
E3869,Becky Collier,11,5,0
E3639,James Sherman,1,5,0
E3222,Carl Johnson,22,4,1
E4797,Kayla Strickland,16,4,0
E1125,Daniel Brown,24,1,0
E3769,Rebecca Sandoval,23,3,0
E3416,Karen Holden,10,2,1
E1094,Robert Bond,27,2,1
E291,Thomas Austin,25,5,0
E3285,Sharon Todd,21,1,1
E2137,Tonya Hill,26,1,1
E4265,Luke Harrison,13,2,0
E3262,Jason Scott,3,5,1
E1959,Joshua Jennings,22,3,1
E3129,Melanie Rios,2,2,1
E749,Ricardo Levine,30,5,1
E1601,Michael Smith,10,1,0
E2442,Steven Ruiz,24,5,1
E646,John Montoya,26,2,0
E598,Stephanie French,29,4,0
E679,Alexis Cruz,19,2,0
E1032,Reginald Mccullough,26,5,0
E1315,Jason Thompson,1,4,0
E2793,Mr. Luis Alvarado,30,2,1
E1554,John Little,15,1,1
E3823,Kristine Ware,25,5,1
E3420,Erik Mueller,14,3,0
E721,Carol Miller,3,1,0
E3751,Mr. Robert Hughes,19,5,0
E2029,Heather Rowe,17,3,0
E1261,Julie Wallace,22,5,0
E3783,Holly Stark,23,1,1
E2744,Heather Rodriguez,8,2,1
E110,Laura Medina,6,3,1
E3857,Ronald Madden,12,3,1
E3337,Vanessa Hunter,6,5,0
E414,Dominique Smith,13,5,1
E2381,Charles Miller,6,3,0
E4458,Amy Nolan,16,3,0
E2525,Carol Alexander,13,3,0
E1547,Mary Hughes,13,5,0
E3568,Jessica Conway,23,4,0
E4374,Megan Bell,8,2,0
E1645,Pamela David,18,5,1
E2514,Scott Grant,19,2,0
E4766,Stacy Smith,6,3,0
E2815,Jason Escobar,3,5,1
E389,Richard Gomez,19,1,1
E642,David Wilson,12,1,0
E1526,Katherine Aguilar,4,5,1
E2631,Joseph Harper,21,2,0
E668,Pamela Black,11,1,1
E2182,Ann Clark,25,2,1
E673,Samuel Lee,15,2,0
E226,Lawrence Chapman,20,5,0
E2937,Christopher Lambert,30,2,0
E1349,Amanda Decker,1,2,0
E4478,Michael Burton,10,5,1
E3557,Vanessa Williams,9,3,1
E3503,Isaac Myers,20,4,1
E2521,Trevor Bell,27,5,1
E2097,Kristy Powell,17,2,1
E3403,Jennifer Mitchell,20,3,0
E132,Paula Camacho,14,4,0
E4804,Cameron Harris,10,2,1
E1405,Janice Riley,7,4,0
E4979,Todd Williams,13,2,0
E1575,Kristi Nguyen,16,2,1
E3092,Matthew Villanueva,8,2,1
E1440,Michael Lucas,4,5,1
E2096,James Lopez,6,1,1
E4834,Joann Russell MD,13,5,0
E998,Stacie Mcintyre,30,2,1
E511,Jack Murphy,22,2,1
E4763,Rachel Stephens,26,1,0
E4615,Todd Strong,19,2,1
E4459,Bailey Barrett MD,11,4,1
E826,Tracey Mccoy,5,3,1
E447,Craig Cuevas PhD,10,4,1
E4055,Vincent Washington,25,3,0
E4950,Mark Miller,11,1,0
E3891,Melanie Lee,25,5,0
E106,Sean Chavez,23,1,0
E4779,Marc Barnett,29,2,0
E236,James Jones,2,3,0
E4522,Mr. Christopher Richards,2,1,0
E289,Chad Meyers,22,1,0
E3551,Veronica Dean,19,1,0
E053,Timothy Miller,4,2,1
E3757,Katherine Vargas,19,2,1
E3176,Jeanette Decker,11,5,1
E4190,Marissa Santos,17,4,0
E3976,James Wilson,2,2,0
E4878,Shirley Atkins,18,1,0
E1592,Connie Mendez,20,4,0
E1515,Connie Davis,20,2,1
E2218,Donald Clark,2,3,0
E1890,Samantha Bryant,7,2,0
E1504,Christina Jennings,11,5,1
E1466,Dustin Ross,20,2,1
E4725,George Anthony,14,1,0
E3603,Carrie Jones,15,3,1
E357,Charlotte Rodriguez,29,5,1
E2583,Jason Wise,10,5,0
E1857,Jose Smith,30,5,0
E3963,Jeffrey Hernandez,25,2,0
E1138,Barbara Travis,23,5,1
E676,Lauren Francis,3,5,0
E4751,Mark Davies,27,5,0
E728,Aaron Harvey,25,2,0
E1174,Jacqueline Sanders,19,1,0
E2407,Michael Robinson,10,4,1
E3528,Holly Phillips,24,4,1
E318,Jennifer Martinez,20,1,1
E464,Katherine Ward,21,1,0
E2653,Gloria Brown,13,3,0
E4212,Mark Raymond,3,1,0
E4263,Chelsea Alexander,13,1,0
E4393,Kelsey Miles,3,2,0
E3475,Dennis Butler,19,2,1
E1629,Christopher Leonard,3,3,1
E4935,Alexandria Lopez,12,1,0
E2420,Jeremiah Smith,5,5,0
E348,David Hamilton,25,1,0
E4585,Tracy Evans,8,2,0
E1079,John Smith,7,3,0
E3338,Scott Dixon,21,2,0
E3247,Deborah Lynch,24,5,1
E1342,Shane Fowler,6,3,0
E1365,Alexander Gillespie,20,2,0
E2977,Mr. Nicholas White,9,1,0
E370,Tiffany Walker,13,2,1
E4134,Adam Holmes,14,5,1
E3350,Ruth Davis,19,3,0
E407,Michelle Murray,6,2,0
E2454,Frank Lowery,12,4,1
E2166,Brittany Wright,13,5,0
E2948,Vanessa Watson,30,4,1
E755,Cody Roberts,19,2,1
E507,Brandy Woods,7,4,0
E1451,Philip Mcgee,3,2,0
E2474,Carlos Silva,3,2,0
E2613,Angela Cowan,29,4,1
E3658,Kristin Kline,1,3,0
E940,Jennifer Daniel,17,1,1
E4860,Natalie Brady,4,2,1
E4114,Laura Campbell,6,1,1
E3075,Sylvia Cochran,13,4,1
E1289,Michael Gomez,3,1,1
E3084,Marcus Smith,21,5,0
E2351,Benjamin Rodriguez,7,4,0
E3975,Shelia Johnson,25,3,1
E2460,Nicholas Gould,3,5,0
E2580,Jacqueline Ray,30,3,0
E4205,Rachael Ward,13,5,1
E1377,Jacob Nguyen,1,1,1
E2326,Nancy Harris,12,4,0
E619,Christopher Robinson,17,4,0
E4662,John Rubio,8,2,0
E4071,Jesse Schmitt,15,3,0
E4954,Joshua Palmer,7,2,1
E1057,Alexandra Martin,12,4,1
E4225,Cory Perez,4,5,1
E102,Michelle Knight,14,2,0
E2816,Christopher Andrade,8,3,0
E3216,Christopher Garrett,29,4,1
E2956,Melissa Jordan,30,1,1
E4246,Taylor Pena,14,4,0
E2929,Cody Donaldson,1,5,1
E2873,Mitchell Crawford,1,2,0
E1722,Kelsey Lewis,25,5,0
E1152,Allen Price,18,1,1
E628,James Thompson,16,1,1
E3925,Jenny Carter,4,2,0
E124,Timothy Wilson,15,2,0
E1468,Marc Johnston,19,2,0
E4600,Linda George,29,4,0
E1182,Victoria Powell,29,1,1
E2912,Miguel Wallace,28,2,0
E4090,Kimberly Adams,18,4,1
E4883,Matthew Walker,13,3,0
E1088,Tina Bryant,29,2,0
E1956,Cassandra Adams,20,3,1
E2317,Brittany Smith,7,4,0
E3265,Jose Rivera,14,4,1
E436,Linda Mosley,28,5,0
E659,Patricia Martin,4,2,0
E1131,Cindy Gordon,8,2,0
E1188,Colleen Martinez,23,1,0
E3490,Lacey Williams,12,4,1
E3824,Andrea Castillo,21,1,1
E2670,Sarah Morgan,9,5,0
E2694,Randall Miller,15,5,1
E4987,Joshua Castillo,1,4,1
E4877,Christopher Allen,26,3,0
E4713,John Adams,11,3,1
E4314,Edward Young,27,4,1
E4595,Brian Smith,27,2,0
E1695,Rachel Browning,7,2,1
E935,Brian Wiley,29,1,1
E577,Vicki Peters,25,1,1
E553,Johnny Perez,17,4,1
E1396,Ronald Henderson,24,5,0
E4455,Todd Ford,2,2,0
E888,Amanda Miller,25,2,0
E932,Jeff Sawyer,10,3,0
E1078,Tony Brewer,26,3,0
E3940,Michael Keith,17,5,0
E015,Kelly Suarez,8,3,0
E312,Stephanie Allison,1,4,0
E3860,Gregory Estes,29,4,1
E523,Dr. Ronald Brady,28,1,1
E711,Craig Sullivan,19,4,0
E1754,James Buckley,26,1,1
E4095,Michael Rodriguez,28,1,1
E3396,Amanda Nash,5,2,0
E3283,Sharon Clark,18,3,0
E610,Laura Hebert,19,3,0
E4971,Debra Ray,9,3,1
E2838,Brooke Taylor,3,3,1
E4398,Carla Hester,6,1,0
E012,Angela West,11,2,0
E1762,Lisa Hendricks,2,2,1
E4654,Billy Smith,27,3,0
E704,Eric Ochoa,29,2,0
E4958,April Davis,9,1,0
E1585,Mario Sanchez,1,3,1
E1739,Kathryn James,20,3,1
E2106,Ian Mitchell,9,1,0
E4089,Elizabeth Hardin,27,1,0
E2140,Mr. Justin Meyer,29,3,0
E3956,Rebecca Davis,18,1,0
E437,Christina Sanders,17,4,0
E4569,Anthony Adams Jr.,15,1,0
E1051,Ronald Wall,11,5,1
E3200,Michael Pratt,22,2,0
E3663,Daniel Mccall,4,3,1
E639,Mario Ballard,16,1,1
E2729,Ian Stevens,15,2,0
E3110,Lindsay Lee,17,2,1
E4895,Regina Villa,17,2,0
E2659,Gary Hudson,11,1,0
E459,Leah Lee DDS,6,1,1
E202,Ronald Fernandez,9,1,1
E645,Mary Peterson,11,1,0
E3079,David Butler,9,3,1
E4728,Jeffrey Peters,19,4,0
E192,Brenda Murphy,15,3,1
E3370,Abigail Kelley,20,5,0
E381,Christine Adams,13,1,1
E4743,Steven Smith,25,5,1
E028,Barry Johnson,29,4,1
E547,Michael Craig,29,4,0
E2359,Kayla Ayers,7,3,0
E2156,Matthew Hernandez,14,2,0
E3527,Rebecca Buchanan,14,3,1
E1729,Elizabeth Baker,27,2,0
E4813,Pamela Galvan,25,2,1
E3678,Charles Smith,21,3,0
E1432,Nicholas Long,5,1,1
E2328,Ms. Cynthia Taylor MD,20,1,0
E041,Beth Howell,29,4,1
E4875,Michelle Rice,3,5,1
E4228,John Long,19,4,1
E3924,Brett Jones,25,4,1
E1109,Lisa Thomas,11,3,1
E3392,Brandon Baker,25,2,0
E3380,Caleb Collins,11,4,1
E4542,Alexa Fields,1,1,1
E4497,Sarah Garcia,7,2,0
E1323,Katherine Washington,3,2,1
E2673,Rodney Carter,8,3,1
E2612,Rebecca Ho,26,5,1
E1710,Tonya Murphy,15,5,1
E2762,Riley Franklin,16,5,0
E2393,Ivan Jimenez,20,1,0
E1471,Lindsey Grant,12,2,0
E534,Ronnie Phillips,10,4,0
E1353,Melissa Fowler,7,1,0
E3920,Kayla Moore,11,1,0
E2605,Julia Lynn,16,2,1
E3102,Debra Ortega,19,3,0
E3125,Bruce Petersen,29,2,1
E3865,Brian Ross,30,2,1
E2935,Mark Thomas PhD,7,5,1
E3952,Frank Miller,4,5,0
E752,Melanie Garrett,11,5,0
E1793,Douglas Allen,2,1,1
E3085,Scott Mays,4,3,1
E3485,Nancy Rosario,11,3,0
E1292,Chloe Hood,15,3,0
E2691,Amy Kent,23,2,0
E3229,Austin Bennett,30,2,1
E405,Mr. Jason Marshall,8,4,1
E271,Dana Nelson,29,3,1
E2978,Antonio Mcdaniel,2,1,1
E4964,Dean Chavez,14,2,1
E1383,Mary Jones,2,5,0
E4389,Chad Bowman,14,4,0
E4806,Emily Compton,20,4,0
E1373,Valerie Johnson,7,3,1
E2617,Carlos Perry,15,2,0
E3375,Richard Thompson,5,1,1
E3052,Timothy Young,5,5,1
E304,Christopher Mccarty,17,1,0
E891,Michael Flynn,30,3,1
E3921,Elizabeth Robinson,18,5,0
E629,David Bates,16,5,1
E1901,Laura Downs,9,4,1
E2385,Dr. Melissa Bowman,18,3,0
E3555,Joshua Reyes,10,3,0
E4112,Rachel Jones,23,5,0
E4341,Anthony Taylor,27,4,1
E1324,Andrea Johnson,26,4,1
E442,Claire Willis,18,3,1
E4922,Erik Jones,13,3,0
E495,Johnny Jensen,19,3,1
E4894,Jeremy Kelly,16,1,1
E4630,Darryl Zuniga,1,2,0
E4812,Carrie Horton,20,2,1
E267,Jordan Ortega,10,2,1
E2426,James Nielsen,21,2,1
E4274,Michael Weiss,4,3,1
E2841,Tyler Andrews,2,3,0
E1814,Tabitha Quinn,23,1,0
E2164,Robert Padilla,21,1,1
E3305,Yvette Blanchard,1,1,1
E4864,Michael Bennett,28,1,0
E2245,Melissa Lamb,13,1,0
E1812,Patricia Sanchez,15,1,1
E411,Nicole Johnson,19,5,1
E4186,Darius Thomas,19,2,1
E1830,Martin Davis,1,4,1
E3345,Kevin Dougherty,27,2,1
E3045,Cody Martin,10,1,1
E3928,Whitney Bauer,18,4,1
E2880,Janet Ward,25,2,1
E1858,Angelica Christian,8,1,0
E4250,Sharon Ortega,13,2,1
E1494,Matthew Odonnell,27,4,1
E235,Edward Cook,2,4,0
E528,Andrew Lynn,13,3,0
E902,Kimberly Deleon,23,3,0
E3535,Megan Newton,9,3,1
E3254,Carol Osborne,10,5,0
E3307,Nicole Collier,4,5,1
E3898,Alan King,12,4,1
E2814,Paula Zamora,11,5,0
E020,Aaron Miller,21,2,0
E1102,Molly Rodriguez,6,2,0
E889,Mrs. Pamela Henry,30,4,1
E3762,Beverly Atkinson,6,2,1
E1441,Diane Torres,15,1,1
E4942,Jennifer Bailey,25,2,0
E3708,Bethany Garrett,30,4,0
E4472,Timothy Williams,27,3,0
E3004,Nichole Taylor,2,5,0
E4549,Steven Hoffman,13,1,0
E4626,Bradley Daugherty,3,5,1
E1409,Ashley Klein MD,10,5,1
E3598,Kelly Jenkins,12,5,0
E4499,Scott Luna,11,5,0
E3433,Brandon Hernandez,25,2,0
E2083,Jessica Daniels,8,5,0
E082,Steven Phillips,5,3,1
E2970,Travis Hudson,27,4,0
E467,Brooke Griffin,24,4,1
E2789,Mr. Scott Glover,13,5,0
E2447,Erica Rivers,12,3,1
E726,Louis Peterson,14,5,1
E3914,William Ward MD,16,1,1
E2984,Thomas Baker,11,3,0
E125,Damon Larson,26,3,0
E1275,Jerome James,22,2,0
E4307,Christine Brown,18,1,1
E1293,Becky Rivera,25,1,1
E3541,Blake Lane,21,5,1
E4388,Cynthia Johnson,16,3,0
E1775,Michael Armstrong,7,1,1
E4604,Rodney Aguirre,15,5,0
E2472,Nicole Jackson,18,2,1
E1013,Andrea Fisher,15,2,0
E3457,Brooke Garcia,20,2,1
E720,Amy Nguyen,24,2,0
E3715,Danielle Washington,18,2,1
E527,George Weber,3,4,0
E1166,Russell Hartman,24,1,0
E4091,Darin Green,14,2,1
E3264,John Vargas,18,4,0
E2034,Rhonda Miller,21,4,0
E390,Justin Perez DDS,1,2,1
E4133,Melissa Smith,20,5,0
E4452,Chelsea Smith,16,2,1
E2355,Steven Holmes,10,2,1
E1842,Rebecca Anderson,5,1,0
E1164,Ralph Dean,17,5,1
E1165,Ryan Smith,3,5,0
E3798,Jason Matthews,21,2,1
E1460,Curtis Carter,8,1,0
E4413,Nancy Stone,14,4,0
E830,Jeffery Harris,19,3,1
E3108,Brandon Jensen,17,1,1
E712,Carrie Torres,5,4,1
E1867,Kelly Lamb,25,1,0
E2782,Samuel Austin,25,2,1
E201,Ian Juarez,3,1,0
E988,Kari Hensley,3,3,0
E2963,Fernando Joyce,19,4,1
E710,Mary Lambert,26,2,0
E794,Shawn Hernandez,14,5,0
E2851,John Sweeney,13,1,1
E1236,Robert Valdez,17,4,0
E1185,Nathan Rogers,5,1,1
E3734,Joshua Pollard,9,1,1
E4732,Catherine Williams,8,1,0
E1200,Anita Wheeler,11,3,1
E2919,Amanda Boone,30,2,1
E1569,Catherine Ramirez,24,2,1
E1062,Jonathan Cardenas,9,2,1
E1963,Mr. Jonathan Green,26,4,0
E1369,Jennifer Brooks,28,4,1
E3255,Matthew Elliott,3,2,1
E790,Shannon Mccoy,28,4,1
E2876,Christina Marks,23,1,1
E2338,Xavier Lutz,15,4,1
E2398,Justin Ross,4,5,1
E509,Jessica Davis,20,3,0
E946,Catherine Collins,3,2,1
E4637,Danielle Henderson,15,3,1
E1086,Erica Sullivan,22,2,0
E1618,Karen Fernandez,21,2,0
E1385,Nathan Elliott,8,3,0
E873,Kevin Martinez,20,3,1
E767,Jacob Zimmerman,2,4,0
E1780,Jason Rodriguez,28,4,1
E4106,Vanessa Cooper,28,5,1
E4694,Laurie Maddox MD,22,2,0
E2957,Julie Marshall,1,4,0
E1029,Anthony Pace,24,4,0
E4403,Bryan Gonzalez,29,5,0
E1474,David Morrison,19,1,0
E4684,Caitlin Sanchez DDS,24,4,0
E3699,Robin Thompson,21,1,1
E471,Jessica Perry,5,1,1
E4754,James Thomas,8,1,1
E2770,James Benitez,10,4,0
E3780,Michael Harris,11,4,1
E1807,Heather Strong,14,2,1
E739,Joshua Shaffer,17,4,1
E3854,Jamie Ramirez,6,1,1
E3589,Donna Mendez,16,4,0
E1485,Brittany Jacobs,16,2,1
E827,Alexis Johnson,15,3,0
E587,Tracy Campbell,10,2,1
E2753,John Mitchell,7,3,0
E1203,Jacob Blackwell,19,2,1
E2891,Paul Hansen,29,5,1
E2965,Roberta Cisneros,11,1,0
E4439,Sarah Walter,11,4,1
E594,Jorge Brown,23,3,1
E2674,Cameron Hunt,7,5,0
E171,Antonio Hess,14,2,1
E075,Stephen Glass,1,5,1
E088,Fred Figueroa,4,2,0
E3654,Billy Smith,13,3,0
E1947,Ruth Wright,17,1,1
E1822,Sonia Lopez,10,5,0
E3001,Larry Roth,2,5,0
E2205,Stephen Colon,30,5,1
E1225,Daniel Castillo,2,5,0
E3191,Andrea Williamson,29,2,0
E877,Mrs. Anna Rhodes MD,14,1,0
E4900,Stephanie Atkinson,13,2,1
E876,Sue Spencer,27,2,0
E1837,Rodney Griffith,6,4,0
E1673,Lisa Carter,28,1,1
E1343,Tamara Edwards,2,2,0
E2819,Ms. Julie Holt,27,2,1
E190,Mark Chavez,21,2,1
E3012,Nathan Young,5,2,1
E4483,Jessica Barnes,20,4,1
E3866,Matthew Smith,9,4,0
E4653,Lawrence Delacruz,16,4,1
E4335,Jennifer Ramirez,24,1,0
E4889,Alicia Wright,19,4,0
E2933,Jennifer Gaines,7,2,0
E970,Billy Young,12,3,0
E1155,Angela Thomas,30,2,0
E4187,James Smith,27,5,1
E1998,Chelsea Sandoval,28,2,0
E4727,Anthony Randall,29,2,0
E1024,Karla Hawkins,11,1,1
E4638,Jennifer Roberts,27,5,0
E3195,Rodney Spencer,19,3,1
E2609,Patrick Johnson,20,5,1
E4514,Katelyn Gallegos,2,4,1
E3459,Brian Gilmore,12,3,0
E3738,Beth Baker,1,2,0
E4821,Philip Romero,19,5,0
E4013,Anthony Dyer,4,1,0
E2962,Adam Bailey,5,5,0
E881,Daniel Scott,4,4,0
E042,Joshua Davis,30,5,0
E2044,Renee Glass,30,4,1
E1939,Denise Hanson MD,21,4,1
E4524,Bryan Harris,10,4,0
E1392,Megan Nelson,30,4,0
E485,David Dixon,18,5,0
E1522,Brian Sherman,24,2,0
E1957,Shawn Lucas,27,2,1
E3730,Adam Kirby,10,3,1
E2855,Allen Edwards,11,1,0
E1042,Jessica Davis,24,2,1
E2239,Joseph Avila,10,3,0
E3981,Angela Buchanan,29,3,0
E677,Taylor Gibson,23,3,1
E3460,Nicole Scott,10,4,1
E657,Ashley Hill,16,2,0
E1402,Allison Gallagher,22,1,1
E1588,James Potts,28,3,1
E1546,Kelli Booker,29,2,1
E2918,Robert Petersen,14,3,0
E3398,Ryan Bailey,3,3,1
E2033,Andres Griffith,19,2,0
E2232,Joshua Henderson,21,4,0
E4156,Mike Zimmerman,28,5,1
E487,Sean Garcia,12,5,1
E3533,Stephanie Johnson,3,1,1
E1790,Matthew Kramer,12,4,0
E1328,Andrew Simmons,23,3,1
E2207,Cynthia Herrera,1,1,0
E4149,George Olsen,8,2,1
E3179,Mary Davis,5,1,0
E2608,Tom Lee,24,4,0
E3750,Jocelyn Allison,9,5,0
E789,William Peck,6,2,0
E417,Kevin Hill,12,1,1
E4174,Paula King,5,5,1
E1604,Robert Armstrong,2,1,0
E1162,Victor Huerta,17,2,0
E1092,Katie Cameron,8,3,1
E1875,William Fitzgerald,25,2,1
E3669,Amber Hughes,13,5,1
E1851,Brian Doyle,22,1,1
E4892,Tonya Williams,29,5,1
E2331,Michelle Neal,7,4,0
E2973,Ronnie Williams,14,2,1
E1885,Beverly White,11,2,0
E799,Patrick Rhodes,11,5,1
E1976,John Simon,22,2,0
E2246,John Harris,4,2,1
E1063,Mary Stafford,30,3,1
E3496,Daniel Nicholson,7,1,1
E3196,Dorothy Wolfe,28,4,0
E2987,Kaitlin Henderson,16,1,0
E3501,Ronald Jackson,14,3,0
E1100,Margaret Kennedy,17,4,1
E2741,Robert Deleon,7,2,0
E962,Tina Bowen,29,2,1
E983,Billy Williams,6,5,0
E4809,Jill Patrick,21,4,0
E4660,Roy Wolf,19,4,0
E4026,Kevin Alexander,16,5,0
E903,Amanda Jackson,19,5,1
E551,Vanessa Sanders,10,1,1
E2926,Tiffany Nixon,17,1,0
E931,Michelle Ramirez,11,4,1
E922,Jacob Johnson,17,4,0
E984,Mark Brown,10,2,0
E1286,Mark Griffin,29,5,0
E3454,Garrett Johnson,27,1,0
E3032,Shelley Hardin,12,3,0
E2928,Joshua Myers,20,5,1
E382,Jacob Adkins,20,2,0
E2622,Carla Carroll,14,2,0
E4934,Daniel Krause,26,4,0
E187,Jimmy Cantu,1,5,0
E3671,Ashley Garcia,29,3,0
E2981,Dustin Nolan,24,3,0
E1014,Steven Keith,25,4,0
E3946,Charles Ramos,3,4,0
E2801,Joshua Ross,17,4,1
E2357,Ricky Steele,14,5,1
E3959,Nicole Jackson,21,5,1
E4847,John Johnson,18,1,0
E002,Hannah Sanchez,23,4,0
E4350,Robert Baker,1,2,1
E4833,Julie Clark,20,2,1
E4640,Erica Schmidt,4,4,1
E807,Matthew Stanton,30,1,0
E2099,Melissa Herman,18,3,0
E2242,James Collier,12,2,1
E1382,Joshua Burton,28,5,1
E2367,John Hernandez,12,2,0
E917,Carolyn Martin,15,2,1
E982,Linda Kim,8,2,0
E3213,Ryan Serrano,3,2,1
E191,Jeffrey Hampton,29,4,0
E1771,Barbara Stephens,4,2,0
E1150,Matthew Donovan,2,5,1
E2049,Danny Webb,8,1,0
E1755,Robert Deleon,27,2,0
E415,Robert Richardson,20,3,1
E3682,Gregory Thompson,21,1,0
E1808,Michael Hernandez,28,2,0
E1687,Steven Taylor,27,4,0
E2512,Dustin Harris,15,2,1
E268,Heidi Rodriguez,24,5,1
E4209,Stacy Baker,17,2,1
E4233,Adam Jensen,28,5,1
E4359,Jimmy Smith,23,5,0
E307,Matthew Gibbs,27,2,1
E080,Melissa Wise,13,3,0
E4619,Laura Thomas,24,4,1
E4639,Samantha Jones,19,2,0
E247,Angel Sherman,12,3,1
E1944,Lance Gomez,25,4,1
E848,Lindsay Keller,19,1,0
E4468,Heather Ross,4,3,0
E3629,Diamond Myers,2,4,1
E4677,Christopher Newton,13,1,0
E372,Curtis Hays,15,2,0
E4839,Grant Smith,26,2,0
E1337,Andrew Martin,1,1,0
E2067,Melissa Summers,9,2,0
E4494,Patricia Johnson,27,3,0
E4658,Richard Martinez,22,3,0
E2114,Linda Webb,28,4,1
E3554,Tanya Malone,23,4,1
E490,Timothy Cook,23,1,0
E3586,Matthew Jackson,13,1,1
E1877,Sandra Walton MD,14,2,0
E4436,Christopher Johnson,26,2,1
E4201,Nathan Mcdaniel,4,1,1
E1685,Tammy Mcdaniel DDS,8,2,0
E1582,Kyle Lucas,20,3,1
E3008,Jason Grant,2,3,0
E2169,Robert Mcgrath,8,2,0
E4305,Andre Vang,2,2,0
E071,Jill Gonzalez,13,5,0
E4501,Brian Jordan,27,1,1
E2523,Dana Solomon,21,5,0
E2755,John Marks,9,2,1
E3704,Casey Bates,24,2,1
E584,Timothy Sutton,24,3,1
E3233,Rachael Patterson,5,1,1
E2633,Brenda Ford,24,2,1
E1128,Sarah Snyder,7,5,0
E1824,Rachel Taylor,18,4,0
E1632,John Edwards,21,3,1
E1743,Daniel Williams,17,1,0
E2972,Timothy Lambert,26,5,1
E1559,David Davis DDS,1,2,1
E1936,Amber Wallace,1,2,1
E345,Luis Jones,23,4,0
E1704,Denise Burns,6,4,0
E195,Megan Padilla,19,1,0
E1821,Anna Washington,14,2,1
E4289,Lauren Suarez,18,2,0
E4486,Laura Baxter,1,3,0
E4651,Terri Cole,11,4,1
E1564,Claudia Miranda,6,2,1
E4470,Michael Harris,4,1,0
E860,Katie Bean,23,5,1
E655,Gina Floyd,14,3,0
E4828,Angela Dunn,6,1,0
E2990,Brian Harrison,4,5,0
E4881,Danielle Kelly,19,1,0
E1335,Ashley Johnson,15,4,0
E3828,Leonard Stewart,13,5,1
E701,Frederick Davis,15,1,1
E4498,Kenneth Thomas,19,3,0
E4771,Julie Taylor,23,4,1
E4293,Stephanie Mcgee,22,3,1
E3404,Melissa Moon,23,1,0
E4586,Kayla Cruz,11,1,0
E3702,Sean Lynn,22,5,1
E2520,Kathleen Shepherd,2,3,1
E2601,Cody Tran,5,3,1
E4559,Philip Ballard,8,2,0
E2915,Daniel Roberts,21,2,1
E2636,Wyatt Morris,24,5,0
E2847,Mr. Shawn Maldonado DDS,26,1,1
E4780,Danielle Dixon,27,5,0
E1015,Chelsea Nguyen,6,5,1
E4799,Valerie Hanson,12,4,1
E4578,Tara Jordan,16,3,0
E4556,Amy Humphrey,17,1,1
E4722,Christine Gray,23,3,0
E2931,Sheri Robinson,29,1,0
E3768,Matthew Collins,17,4,1
E2312,Madison Burns,4,5,0
E1852,Michael Perry,6,1,1
E2682,Joanna Rios,15,2,0
E2757,Jonathan Moreno,11,2,1
E1536,James Brooks,1,3,0
E1183,Patricia Jackson,16,4,1
E4989,Teresa Perry,21,4,0
E208,Donna Sullivan,23,4,0
E2610,Amanda Trevino,23,3,1
E1484,Traci Hamilton,9,5,1
E3198,Jeffrey Martinez,3,5,1
E738,Henry Jordan,14,3,0
E385,Marco Gonzalez,16,5,0
E043,Grace Aguilar,29,3,0
E2737,Brian Silva,8,2,1
E3696,Denise Moore,17,5,1
E1503,Cynthia Fernandez,25,1,1
E3431,Kathryn Wilson,15,2,0
E741,Daniel Frost,15,3,1
E3868,William Howard,6,2,0
E2490,Michael Edwards,26,3,0
E2124,Emily Pugh,19,1,1
E396,Joshua Smith,8,2,0
E193,Austin Casey,10,5,1
E359,Gwendolyn Alexander,8,2,0
E4324,Patrick Cruz,6,4,0
E1137,Deborah Simmons,1,5,1
E1251,Joseph Walker,30,5,1
E2250,Krystal Hendricks,7,1,0
E4609,Lori Smith,14,5,1
E2260,Carla Cooper,6,4,1
E4411,Melinda Carpenter,22,5,1
E3054,Marc Nguyen,3,4,1
E4504,Susan Peterson,3,5,0
E1394,James Watkins,30,5,1
E4301,Joanne Davenport,11,4,1
E206,Joshua Munoz,14,5,0
E486,Erin Williams,8,2,1
E1886,Jerry Trujillo,6,5,0
E3592,Joanne Armstrong,5,5,0
E127,Stephanie Brown,1,4,0
E3382,Julie Gentry,4,3,1
E2985,Mr. Dominic Coleman,12,2,1
E2983,Barbara Keller,2,1,0
E3436,Amanda Hill,21,1,0
E2748,Peter Soto,17,2,1
E2391,Ashley Wagner,1,3,0
E1689,Emily Davis,6,4,1
E4983,Cole Myers,25,4,1
E445,Jasmine Williams,10,5,0
E4525,Justin Oconnor,8,1,0
E3376,Zachary Gaines,10,1,1
E4789,Kim Reyes,30,2,0
E4422,Kerry Brooks,5,4,0
E4423,Ricky Stevenson,1,1,1
E1818,Angela Nichols,15,4,1
E3241,Randall Williams,23,3,1
E4408,Steven Fry,15,4,0
E2735,Catherine Smith,13,3,0
E1701,Heather Richardson,11,2,0
E2269,Bruce Gay,2,5,0
E377,Micheal Henderson,25,1,1
E1434,Russell Turner,13,1,1
E2005,Keith Kirby,24,3,1
E4995,Samantha Oconnell,12,3,1
E1351,Amanda Quinn,9,5,1
E4143,Stephanie Harris,27,5,0
E641,Laura Lang,27,3,1
E4800,Sarah Sawyer,7,2,0
E3353,Melissa Benjamin,8,2,0
E155,Dana Clayton,24,5,0
E2117,Paul Stanton,7,4,0
E2685,Michelle Ward,23,4,1
E797,Melinda Terry,26,3,0
E2811,Bryce Griffin,11,1,0
E479,Crystal Sanchez,2,5,0
E1247,Megan Moore,29,4,1
E3560,Chelsea Curtis,26,4,0
E4594,Gina Ramirez,8,4,1
E3494,Christopher Martinez,5,3,0
E010,Kelly Taylor,23,4,1
E4918,Ronald Luna,13,3,1
E3973,Jason Thomas,15,3,0
E3451,Stephanie Allen,19,4,0
E4081,Stephen Lewis,12,2,0
E2087,William Owens,10,3,1
E4570,Jessica Chung,12,2,0
E2118,John Cobb,11,1,0
E317,Carrie Holden,12,4,0
E3341,Juan Stewart,8,2,0
E2553,Peter Williams,6,2,1
E4127,Cory Smith,28,5,1
E3367,John Odom,8,5,1
E895,John Shaffer,19,3,1
E1316,Brittany Bowers,13,2,1
E3017,Larry Velasquez,1,1,1
E1811,Anthony Alexander,6,2,1
E3647,Michael Curtis,14,2,1
E4871,Corey Jones,1,5,1
E1519,Shirley Rogers,4,5,1
E4124,Casey Miranda,17,3,1
E4453,Taylor Fuller,7,2,0
E4181,Latoya Bishop,13,1,0
E4938,Aaron Anderson,2,5,0
E1436,Molly Jones,30,2,0
E909,Kristen Suarez,26,1,1
E2459,Krista Leonard,29,2,0
E3902,Michele Crawford,4,2,1
E4999,Jerry Newman,27,1,0
E1271,Stephanie Munoz,7,2,1
E4627,Thomas Deleon,29,1,0
E4382,Brandon Collier,18,4,0
E2386,Devin Andrews,13,3,1
E4921,David Keller,8,2,1
E953,Lisa Curtis,2,4,0
E1381,Adam Ramos,5,3,0
E4617,Amanda Taylor,21,3,1
E2807,Daniel Murray,1,2,1
E2872,Laura Osborne,22,2,0
E2171,Christopher Boyer,12,5,0
E3894,Terry Miller,26,5,0
E1767,Ricky Price,24,3,1
E4667,Jessica King,18,4,0
E2590,Nicholas Kim,17,1,1
E4715,Michael King,28,3,1
E2510,Amanda Hawkins,27,2,1
E3452,Jeremy Myers,14,5,0
E559,Angela Meyer,20,4,0
E2922,Thomas Mckay,19,1,1
E4345,Rebecca Evans,2,5,0
E2817,Michael Beck,11,3,1
E1389,Shaun Hess,5,3,0
E1127,Elizabeth Marquez,21,2,1
E4014,Cody Williams,5,3,0
E1881,Monica Vang,4,5,1
E3841,Haley Hill,6,3,0
E3618,Luis Edwards,28,3,0
E161,Jade Kent,8,2,1
E1574,Kristin Ward,5,2,0
E1262,Linda Bright,19,5,0
E2145,Samuel Hernandez,6,3,0
E4338,Zachary Phillips,16,4,0
E2125,Christina Ray,21,4,1
E1669,Jessica Gibson,18,1,0
E3030,Diana Smith,30,3,1
E3790,Randall Moore,30,4,1
E4103,Joshua Wu,19,5,1
E661,Gina Ponce,25,3,0
E4042,Robin Scott,24,5,0
E546,Cynthia Thomas,11,4,1
E1075,Timothy Johnson,4,4,0
E3024,Erica Meyers,28,3,1
E536,Kathleen Rush,10,1,1
E695,Ashley Johnson MD,22,5,0
E944,Barry Spencer,23,3,1
E2007,Tara Williams DVM,6,2,0
E2165,Sydney Sanford,5,1,1
E4278,Monica Castaneda,12,1,0
E2188,Tiffany Williams,13,2,0
E2969,Lauren Brown,23,2,0
E3103,Amber Rodriguez,12,4,1
E3813,Justin Cruz,14,3,0
E4904,Gina Hancock,8,1,1
E1310,Carlos Edwards,4,3,0
E058,Adam Henson,9,1,0
E2644,Caitlin Hamilton,28,2,0
E081,Carol Ross,3,2,0
E624,Jacqueline Jones,28,5,0
E1479,Brandi Villarreal,4,5,0
E3919,Jennifer Ibarra,14,3,0
E4520,Shane Jimenez DDS,6,4,0
E558,Amanda Green,6,4,0
E1399,Brandon Carter,12,3,1
E2578,Tiffany Lyons,24,2,1
E821,Laura Roberts,19,4,0
E2311,Amanda Day,3,4,1
E3950,Alexis Meyer,14,4,0
E249,Michael Gutierrez,6,5,0
E3565,Michael Smith,14,4,1
E3964,Philip Gonzalez,14,2,1
E597,Jesse Nguyen,8,3,0
E2903,Barbara Miller,3,1,0
E4749,David Clarke,17,3,0
E3656,Michael Herrera,16,2,1
E2196,Evelyn Chang,5,5,1
E1508,Clifford Gill,24,5,0
E1070,Kristen Sanchez,18,2,1
E1964,Justin Dean,14,3,0
E976,Colleen Obrien,3,2,0
E930,Alexandria Spencer,15,4,1
E4311,Joe Gutierrez,12,2,1
E4113,Ernest Harvey,21,3,1
E3597,Nicholas Miller,22,5,0
E3677,Jeffery Coleman,24,2,1
E994,Colleen Shea,2,4,0
E4479,Krystal Strickland,20,2,1
E1707,Kerri Ruiz,1,4,0
E2586,Justin Tucker,14,3,1
E3584,Lindsay Ferguson,12,2,1
E003,Larry Waters,16,2,0
E3138,Timothy Day,13,3,0
E3529,Jeremy Adams,25,3,0
E1403,Michael Garcia,8,3,1
E4279,Bernard Johnson,27,4,1
E2625,Melanie Mendoza,12,2,0
E2951,Kristin Lin,6,1,1
E3219,Leslie Powers,29,2,1
E026,Heather Park,2,1,1
E764,Christopher Roberts,14,5,0
E2062,Wesley Ramsey,4,4,1
E1428,John Jones,20,4,0
E3572,Holly Johnson,13,2,0
E168,Jordan Miller,21,3,1
E364,Pam Jones,13,3,0
E2339,Charles Murray II,23,1,0
E4769,Wesley Salazar,15,1,0
E1853,Rebecca King,12,2,1
E269,Hector Myers,23,1,1
E4074,Thomas Martin,12,2,1
E1300,Kimberly Davis,3,4,1
E4968,Guy Ali,8,2,0
E1863,Leslie Daniels,16,1,1
E3785,Kristie Gamble,14,1,0
E4030,Jacqueline Miller,19,3,0
E2323,James Cunningham,6,1,1
E1496,Frank Graham,15,3,1
E4409,Isabel Parker,14,3,0
E3127,John Saunders,14,4,1
E560,Steven Strong,6,1,1
E2517,Joseph Brown,28,3,0
E172,Jason Wade,3,5,0
E1348,Michael Jordan,24,3,1
E2432,Karen Wilson,3,5,0
E2337,Christian Benson,25,2,1
E3945,Michael Clarke,20,4,0
E2902,Chad Norris,23,5,0
E1923,Janice Carroll,8,4,1
E631,Drew Mendez,10,3,1
E3856,Michaela Steele,5,3,1
E4764,Jason Santiago,1,5,1
E1283,Danielle Pierce,27,5,0
E1505,Elizabeth Braun,9,2,0
E334,Christian Jackson,5,4,1
E589,Kurt Sanchez,22,3,1
E4994,Ian Macdonald,20,3,1
E2200,Ashley Hicks,2,3,0
E3983,Jay Melton,5,4,1
E3844,Diane Sims,5,2,1
E1516,James Johnson,19,5,1
E4272,Daniel James,19,3,1
E4449,Evelyn Khan,6,2,0
E2056,Alicia Little,15,4,1
E1171,Brandon Parks,8,3,1
E4437,Jason Velazquez,7,3,1
E2892,Holly Oliver,3,5,0
E3407,Emma Kelly,14,5,1
E4104,Christina Garcia,13,5,0
E2599,Malik Johnson,15,2,1
E818,Richard Brady,23,3,1
E3324,Christina Whitaker,11,3,1
E3761,Tammy Mccarthy,8,2,1
E833,Brandon Cruz,10,5,0
E2086,Beth Hernandez,20,5,1
E3379,Phillip Johnson,18,2,0
E2733,Mrs. Christina Wilcox,30,3,1
E4788,Jacob Butler,18,2,0
E3679,Penny Clark,21,4,0
E131,Jason Villarreal,6,4,1
E3159,Devin Waller,1,2,1
E2209,Benjamin Ward,5,3,1
E2316,Joshua Hernandez,19,3,0
E3273,Jonathan Booker,28,5,0
E3239,Jennifer Gibbs,4,1,1
E3043,Lisa Anderson,27,4,1
E3289,Adam Harris,23,1,1
E1037,Kimberly Malone,24,1,1
E3626,Stephanie Mccarthy,23,1,0
E2270,Stephanie Nguyen,23,3,0
E3564,Catherine Brown,25,4,1
E664,Robert Cain,12,1,1
E859,Mary Zuniga,6,3,1
E2611,Andrew Rodriguez,3,3,0
E1268,John Jacobson,29,1,0
E352,Benjamin Alexander,25,4,0
E4571,Susan Burch,26,5,0
E452,Elizabeth Johnson,27,2,0
E3473,Vanessa Lopez,22,1,1
E2009,Heidi Larson,29,5,0
E1613,Cynthia Mckay,27,2,0
E4242,Cindy Olson,14,4,1
E1873,Julie Lopez PhD,22,1,1
E596,Steven Hodges,28,4,1
E2272,Shelley Burns,16,3,0
E541,Ryan Bell,25,4,1
E1433,Christopher Rivera,13,1,1
E2121,Michael Schmidt,20,4,0
E2302,Ashley Leblanc,29,2,0
E840,Dustin Morgan,2,2,0
E4303,Casey Coleman,30,3,1
E3026,Autumn Carter,14,3,1
E498,Michelle Randall,20,5,1
E3411,Brandon Golden,9,2,0
E3378,Tamara Ware,25,1,1
E1847,Andrew Scott,29,1,0
E775,Daniel Hicks,13,2,0
E806,David White,16,1,0
E3587,Cheyenne Powell,6,5,0
E3250,Robert Fisher,23,3,1
E1656,Deborah Webb,19,3,1
E4991,Melissa Ashley,10,5,1
E2672,Jessica Mills,28,5,0
E3588,Diamond Martin,22,4,1
E3834,Phillip Johnson,4,1,1
E2284,Nicholas Bell,19,4,0
E2184,Nicholas Rivera,26,1,1
E635,Kimberly Cooper,16,5,1
E1921,Jacob Gomez,28,4,0
E788,Jonathan Freeman,20,2,1
E3897,Laura Humphrey,20,3,0
E662,Brian Leon,12,2,0
E3180,James Mitchell,12,2,0
E3131,David Davidson,19,3,1
E4429,Rebecca Ford,5,1,0
E1212,Kendra White,9,2,1
E2705,John Kim,4,4,0
E686,Natalie Neal,18,3,0
E4039,Daniel Blackburn,29,1,0
E1816,Mark Case,19,2,0
E4237,Kelly Morgan,18,2,1
E2568,Mark Cortez,17,4,1
E618,Darryl Patterson,26,1,0
E1065,Jennifer Kramer,1,3,1
E3302,Wendy Allen,11,1,1
E1737,Tiffany Trevino,20,3,0
E2686,Brianna Glover,6,4,0
E1902,Charles Arellano,10,3,1
E3328,Jennifer Barton,29,5,1
E2271,David Boone,8,4,0
E1531,Patricia Mason,18,4,0
E4805,Alexis Anderson,6,4,0
E4947,Peter Roberts,30,4,1
E1299,Alyssa Johnson,15,4,1
E2518,Sabrina Smith,9,5,0
E1534,Alyssa Foster,24,4,0
E3450,Katrina Moore,20,1,1
E144,Randall Wallace,26,2,0
E4261,Olivia Hurley,16,1,0
E4913,Lindsey Johnson,4,4,1
E1069,Dylan Bass,4,4,1
E1861,Carla Davis,23,4,0
E3864,Kristina Cook,19,1,0
E1226,Jacob Murphy,11,4,1
E3960,Christina Jones,16,1,0
E1482,Jeff Morris,14,3,1
E1937,Brian Cook,24,2,1
E1035,James Nguyen,5,5,1
E4117,Krista Bridges,5,2,0
E780,Robert Nelson,19,3,1
E4363,Kimberly Smith,25,1,1
E3612,Kimberly Guerrero,23,3,0
E4247,Kenneth King V,11,2,1
E2786,Vincent Petersen,3,1,0
E4349,Mark Moss,13,1,1
E965,Ryan Allen,5,3,1
E2603,Gregory Scott,2,1,1
E084,Renee Walker,13,3,1
E3806,Regina King,23,4,1
E1800,Samuel Barrett,2,1,0
E1571,Joseph Clark,8,1,1
E2195,Marissa Gordon,24,3,0
E1158,Mary Crawford,5,4,1
E1866,Christopher Simmons,7,2,0
E2597,Donna Davis MD,27,2,1
E993,Katie Costa,17,1,0
E2479,Melissa Hernandez,18,1,0
E2185,Heather Shaw,28,4,0
E1967,Amy Martinez,6,3,0
E3549,Sarah Johnson,6,2,0
E4370,Julie Jefferson,21,4,0
E3992,Joseph Sharp,2,5,1
E3051,Steven Curtis,12,1,0
E130,Mallory Taylor,12,2,1
E1925,Stanley Moss,15,3,0
E143,Christopher Stuart,7,2,0
E468,Regina Wilson,1,2,1
E769,Kimberly Martin,7,5,0
E3791,Ms. Laura Jones,23,1,1
E4326,Michael Webb,30,4,1
E1777,Carol Wright,10,2,1
E838,Ashley Hoffman,2,5,1
E4172,Elizabeth Ryan,21,2,0
E444,Sandra Gutierrez,6,3,1
E3926,Alison Rose,25,2,0
E2226,Miguel Silva,8,5,1
E2489,Julia Foley,11,1,1
E1454,Michael Estrada,22,2,1
E2411,Tanya Wright,26,4,0
E985,Stephanie Byrd,30,3,0
E342,Brianna Armstrong,4,3,1
E2664,Chad Bryan,4,3,0
E834,Kenneth Mack,5,2,1
E4742,James Ramirez,17,2,1
E2676,Kyle Anderson,16,1,1
E3720,Christopher Perez,4,2,0
E014,Catherine Jones,1,2,1
E3165,Daniel Garcia,22,2,0
E3794,Ashley Steele,29,1,1
E1590,Troy Howard,1,4,1
E4157,Richard Smith,1,5,1
E2859,Hannah Davis,8,5,0
E2658,Ronnie Fuller,10,2,1
E1688,Jessica Frederick,24,1,0
E3365,Steven Fuller,28,1,1
E3132,Kevin Fuentes,27,1,1
E1408,Dana Kelley,11,2,1
E3703,Charles Wilson,30,3,0
E4616,Stacy Leblanc,14,5,1
E3347,Jessica Murray,21,2,1
E4811,Mark Hall,12,3,1
E1145,Stephanie Barron,8,4,0
E3862,Lucas Hughes,8,1,1
E2402,Kent Carter Jr.,26,5,0
E3534,Jennifer Barton,9,2,0
E2614,Jose Moran,13,1,1
E2162,John Cruz,12,5,1
E218,Lisa Parker,4,5,1
E2168,Charles Adams,3,1,1
E2161,Anna Horne,5,2,1
E462,Faith Espinoza,3,2,0
E2708,Gloria Mcclain,1,2,1
E3752,Alexander Brewer,25,2,1
E2192,Adrienne Hurley,16,3,0
E007,John Compton,22,1,0
E4024,Thomas Ortiz,29,5,1
E1541,Julie Foster MD,13,4,1
E4373,Christine Choi,19,5,0
E3166,Juan Johnson,20,1,1
E669,James Baldwin,17,3,1
E1833,Amber Weaver,11,2,1
E199,Stephen Davis,18,2,0
E3941,Micheal Decker,2,2,1
E1764,David Willis,19,3,0
E4730,Timothy Brewer,4,3,1
E4426,David Larsen,4,4,1
E4155,Ryan Washington,28,4,0
E1952,Anthony Owens,8,2,0
E4782,Jessica Huff,14,3,1
E3402,Patricia Collins,10,2,1
E044,Alison Wilson,10,2,0
E2894,Yolanda Cordova,19,2,0
E2366,Erica Richard,23,1,1
E961,Judith Chavez,8,4,0
E4418,Felicia Wheeler,8,2,1
E4597,Joel Adams DDS,18,1,1
E3896,Nicholas Peterson,6,3,0
E2975,Tim Montgomery,28,2,0
E763,John King,18,5,0
E277,Edward Gonzales,20,3,1
E1810,Tony Rubio,11,4,1
E253,Stacy Gutierrez,20,1,1
E592,Angela Jones,19,1,0
E1778,Laurie Ferguson,29,2,1
E1950,Deanna Mullins,14,3,1
E4873,Connie Flores,18,4,0
E166,John Hill,8,3,1
E4747,Chad Jackson,5,2,1
E241,Pamela Simon,2,4,1
E1608,Vincent Gilbert,26,3,0
E1449,Heather Morris,21,5,1
E1679,Anthony Singh,6,3,1
E938,Hector Fernandez,22,5,1
E2763,Ashley Potts,12,3,0
E083,Joseph Ball,7,4,1
E3208,William Rodriguez,18,3,1
E3174,William West,22,4,0
E2333,Carrie Robles,25,1,1
E189,Dr. Alec Hernandez MD,2,5,1
E2573,Ernest Haynes,25,2,0
E3401,Terry Allen,19,1,1
E1120,Julie Skinner,2,5,1
E3994,Regina Edwards,9,3,0
E608,Hannah Baker,11,1,1
E1234,Cristina Mclean,24,1,1
E1641,Mrs. Rebecca Beltran PhD,25,3,0
E4391,Tiffany Hall,24,2,0
E093,Emily Miller,20,1,0
E3801,Michael Thomas,3,4,0
E887,Jennifer Burton,30,5,0
E1025,Jeremy Hudson,6,5,1
E2930,Joseph Lee,12,1,1
E3410,Richard Wheeler,14,1,0
E4221,Lori Chandler,12,1,0
E3387,Jesus Brooks,20,4,0
E847,Kristin Lambert,10,2,0
E4441,Sarah Holloway,20,1,1
E2908,Mary Hernandez,14,3,1
E4807,Leroy Reyes,16,4,1
E2905,Lisa Gonzales,29,4,0
E3573,Brent Lewis,29,1,1
E1674,Brandy Smith,4,2,0
E1946,Jason Walter,7,2,0
E2986,Melissa Miller,9,5,0
E198,Paula Schmidt,5,5,0
E1040,Harold Duncan,24,4,0
E753,Heather Johnson,1,4,0
E3465,Michael Espinoza,11,2,0
E3876,Thomas Robinson,16,1,0
E2349,Melissa Schmidt,3,5,0
E3556,Cody Mccall,12,4,1
E333,Tiffany Peters,16,4,0
E4761,Toni Stephens,25,1,1
E2053,Rebecca Young,26,3,0
E4845,Darryl King,13,1,0
E4025,Joseph Wilkinson,14,3,0
E341,Tricia Hicks,12,5,1
E2802,Rebekah Larson,12,3,0
E2026,Richard Byrd,15,5,1
E4193,Yvette Frank,24,1,1
E4663,Christina Hickman,8,1,1
E4092,Todd King,23,2,0
E3292,Mary Thompson,27,2,1
E1077,Michael Vega,21,3,1
E2884,Mr. Jonathon Garcia Jr.,19,2,1
E4299,Timothy Zuniga,28,2,0
E905,Emily Hernandez,6,4,0
E1520,Maria Garcia,28,1,1
E3053,Jamie Williams,4,2,1
E3082,Tommy Flores,5,4,1
E1176,Katherine Nguyen,26,2,0
E065,Melissa Cooper,30,4,0
E1845,Tiffany Drake,15,4,0
E4505,Dylan Peters,30,2,0
E237,Eric Nguyen,1,3,0
E2600,Jay Jordan,6,2,1
E2540,Mason Harrison,21,2,1
E927,Eric Webster,2,5,1
E2934,Kimberly Hall,29,5,1
E2952,Ryan Galvan,14,1,1
E969,Victoria Lynch,2,1,1
E4450,Christine Hampton,2,2,0
E4204,Mario Grant,22,3,0
E699,John Beck,18,2,1
E2215,Jacqueline Edwards,28,4,1
E3044,David Stanley,3,5,1
E353,Cody Novak,17,1,1
E1464,Tyrone Delacruz,30,1,1
E324,Christopher Jones,12,3,0
E2158,Zachary Gonzalez,7,2,0
E4836,Tracy Patterson,27,2,1
E4063,Danny Stephens,24,3,1
E040,Grant Sharp,6,5,1
E3153,Daniel Lopez,29,4,0
E3859,Stacey Watts,23,2,0
E2279,Warren Velasquez,6,4,1
E3061,David Lewis,1,2,0
E1446,Darlene Ray,3,3,1
E3314,Nicole Mcfarland,30,4,0
E1041,Michael Hatfield,5,5,1
E3968,Donna Blackwell,28,3,1
E955,Jeremy Martin,2,5,0
E4306,Laurie Burns,13,2,0
E3286,Sherry Bowman,26,2,0
E3893,Adrienne Obrien,5,2,0
E1274,Justin Sanchez,3,2,1
E1123,James Washington,15,5,1
E644,Sandy Tucker,13,4,1
E852,Alejandro Wood,24,4,1
E3723,Brian Baxter,11,2,0
E4072,Claudia Parsons,28,2,1
E2422,Aaron Carney,2,3,1
E4518,Andrew Smith,2,2,0
E4244,Charles Aguilar,12,4,1
E4611,Thomas Sherman,25,3,0
E123,Jerome Salas,6,4,0
E1459,Tracey Norton,13,2,1
E3812,Ryan Roberson,26,5,1
E410,Jennifer Roy,24,3,1
E1462,James Owens,3,5,0
E878,Tommy Brown,22,2,0
E660,Donald Jordan,10,1,0
E1988,Lisa Mullins,20,1,1
E2016,David George,5,2,1
E1052,Kimberly Jackson,24,2,0
E1147,Eric Davis,1,1,0
E2567,Tracy Jones MD,12,1,0
E1692,Emily Boone,16,5,1
E1550,Gregory Hall,25,3,1
E3882,Angela Holmes,30,2,0
E3717,Eric Villegas,18,5,1
E3018,Michael Cain,27,2,0
E2900,Michael Nelson,1,1,0
E1423,Wanda White,10,2,0
E2102,Megan Cortez,4,3,1
E1378,Bethany Peters,17,2,0
E518,Sandra Garcia,1,3,0
E1622,Daniel Carr,9,1,1
E4673,Leslie Russo,15,4,1
E801,Jane Larson MD,27,3,1
E4354,Ms. Laurie Perry,2,2,0
E4034,Sandra Snyder,26,3,0
E1855,Pamela Salazar,9,4,1
E4888,David Hammond,15,3,0
E090,Reginald Rush Jr.,2,3,0
E1840,Dawn Miller,15,3,0
E4793,Andrea Navarro,2,4,1
E4880,Gregory Castro,8,1,0
E4573,Michael Lewis MD,4,5,0
E1928,Katrina Williams,10,2,0
E1193,Mrs. Briana Harris,4,2,1
E1993,Kendra Cantu,29,1,1
E681,Sarah Diaz,17,3,1
E687,Richard Davis,5,4,1
E1709,Christine Dalton,7,3,1
E1244,Michelle Harrison,3,4,1
E1772,Henry Cochran,8,1,0
E2773,Amy Anderson,17,5,0
E4541,Joshua Dunn,17,2,0
E1071,Lauren Wilkerson,18,2,1
E3767,Dorothy Stone,27,2,1
E1797,Laura Garza,8,2,1
E1727,Heather Long,30,5,0
E590,David Castillo,11,1,1
E870,Joshua Franco,15,1,0
E2593,Stephanie Parker,16,1,1
E3238,Cindy Stephens,11,1,0
E4420,Mrs. Veronica Carlson DDS,9,2,0
E3742,Derek Long,14,3,1
E3066,Candace West,19,3,0
E1809,Selena Camacho,28,3,1
E1444,Laurie Yang,16,2,1
E550,Timothy Young,13,2,0
E474,Brian Lee,13,1,1
E4384,Gary Russell,26,4,0
E314,Robert Lewis,9,3,0
E1089,Mckenzie Hammond,17,2,1
E4031,Tracey Dodson,29,5,0
E934,Nathan Vazquez,30,5,1
E3675,Amy Smith,24,4,0
E2679,Brian Rodriguez,1,3,1
E4545,Jean Stuart,8,4,0
E4001,Brianna Weiss,30,1,1
E091,Jim Gill,17,1,1
E2002,Adam Mclaughlin,17,2,1
E4286,Sara Bean,24,3,0
E4066,Kimberly Montgomery,17,5,1
E3374,Emily Stewart,11,4,1
E3060,Stephanie Newton,23,4,1
E548,Christine Mccullough,23,3,0
E1733,Nicole Fitzgerald,23,5,1
E1720,Adrian Cochran,21,3,0
E3851,Jordan Evans,5,1,0
E3149,Sylvia David,5,5,0
E3754,Brad Jackson,3,3,1
E1934,Christine Collier,26,2,1
E1914,Ralph Gutierrez,20,4,1
E1514,Michael Richardson,16,3,0
E2890,Derrick Adams,27,1,0
E2863,Tamara Romero,20,3,1
E3511,Christine Rodriguez,6,5,0
E4576,Sarah Roberts,17,2,0
E2702,Annette Lane,23,2,1
E543,Mrs. Vanessa Robertson,22,4,1
E4866,Sara Cummings,28,3,0
E874,Steven Bradshaw,6,3,0
E1059,Christopher Osborne,23,3,1
E2191,Steven Hernandez,23,5,0
E2364,Elizabeth Ingram,15,1,1
E4447,Maria Lopez,23,5,0
E1544,Heather Wise,18,2,0
E732,Dalton Gilmore,1,2,1
E4386,Nathan Cox,30,2,0
E4510,Nicholas Jackson,7,3,1
E2853,Kenneth Richard,2,2,0
E3713,Patricia Allen,24,2,1
E2663,Sheryl Graves,30,4,1
E1573,David Brown,7,2,0
E4530,David Carpenter,7,1,1
E264,Jessica Chen,15,3,0
E1665,Holly Lawrence,16,2,1
E067,Debra Pena,8,4,1
E4347,Brianna Jefferson,12,2,0
E2496,Daniel Wise,22,2,0
E033,Jason Stein,19,4,0
E3989,Ryan Cole,22,5,0
E3021,Sarah Hicks,28,4,0
E786,Shannon Baker,26,1,0
E3580,Bryan Simon,17,5,1
E2384,Jessica Taylor,2,1,1
E4489,Joshua Fowler,6,2,0
E3982,Rebecca Taylor,21,4,0
E3361,Leslie Elliott,24,2,0
E073,Ernest Thompson,7,1,1
E2363,Kenneth Sanchez,14,2,0
E1285,Paul Griffith,7,1,1
E2862,Rebecca Jones,22,1,1
E3927,Stephanie Beck,10,2,0
E4148,James Hall,27,2,0
E4882,Joseph James,1,1,0
E1933,Tonya Wilkinson,12,5,1
E4298,Randy Hess,11,2,0
E1898,Belinda Johnson,21,5,1
E3147,Rachel Wilson,5,2,1
E4137,Monique Jones,12,1,1
E4052,Leslie Johnson,18,2,1
E1030,Jacqueline Jones,17,5,0
E627,Joseph Hebert Jr.,22,1,0
E3821,Jeffrey Fischer,13,4,0
E4180,David Smith,29,2,1
E3480,Ashley Peterson,2,3,0
E822,Makayla Paul,20,1,1
E4358,Ronald White,11,3,0
E2138,Nicholas Jackson,21,4,1
E3259,Jessica Perez,18,1,1
E221,Jordan Spencer,24,1,1
E792,Matthew Greer,25,1,1
E4861,Wesley Wilson,26,1,0
E4368,Cheryl Marshall,30,2,1
E2742,Gabriel Banks,29,2,1
E667,Wendy Greer,6,1,1
E4575,Anthony Allen,19,4,1
E2656,Karen Cooley,10,4,1
E2764,Benjamin Ross,4,5,0
E2549,Kimberly Dixon,28,2,0
E3400,Jennifer Ruiz,28,5,0
E4539,Amanda King,2,1,1
E3681,Maria Solomon,20,4,1
E3674,John Porter,18,3,1
E290,Daryl Braun,1,5,0
E1142,Maria Moran,13,2,0
E2109,John Estrada,21,4,1
E2036,David Walker,27,2,1
E4511,Michelle Mcintyre,9,3,1
E3870,Roger Diaz,20,4,0
E3837,Kevin Morris,10,1,0
E1724,Colin Ramirez,25,2,0
E1917,Margaret Smith,25,3,0
E2881,Caitlin Fuller,29,2,1
E2648,Debra Vargas,29,2,0
E4631,William Wong,20,5,1
E4502,Carly Payne,28,1,1
E2878,Megan May,2,4,0
E919,Austin Williams,23,4,1
E3429,Gavin Wright,5,5,0
E3782,Kimberly Parsons,3,3,1
E2812,Audrey Schwartz,17,3,0
E1708,Paul Torres,25,3,1
E2974,Anna Williams,30,4,0
E4093,Susan Coleman,16,1,1
E2193,Angelica Newman,16,3,0
E1651,Matthew Jackson,5,4,1
E4082,Candice Smith,23,5,0
E4827,Jessica Miller,26,5,1
E1061,Mrs. Michelle Dean MD,4,4,0
E2728,Donna Holden,12,4,0
E2441,Kenneth Shields,19,5,0
E4100,Justin Fitzgerald,9,1,0
E3758,Austin Khan,11,2,1
E1595,Nathan Ball,20,5,0
E2194,Belinda May,27,5,1
E992,Cynthia Morrison,12,5,1
E868,Melinda Malone,8,2,0
E3000,Mark Ross,1,1,0
E2375,Michael Harris DVM,7,2,1
E1647,Joshua Lawrence,11,1,1
E1239,Nicholas Chaney,20,3,0
E4825,Mrs. Valerie Thompson,25,1,0
E4412,James Martin,22,3,0
E077,Eric Duncan,28,5,1
E475,Mark Jackson,15,3,0
E566,Michael Bullock,14,3,0
E1615,Carol Robinson,19,1,1
E1227,David Warner,8,3,1
E709,Jonathan Smith,21,2,1
E3667,Todd Woodward,10,3,1
E3532,Debra Howard,14,4,1
E301,Samantha Peterson,20,3,0
E2988,Julia Harmon,21,1,1
E1181,Jason Stephenson,30,1,1
E3628,Dakota Swanson,8,2,1
E383,Sharon Mccarty,7,2,1
E3027,Lindsay Jordan,17,1,1
E4022,Carl Wolfe,25,3,0
E2001,Mitchell May,3,5,1
E1773,Robert Dominguez,7,4,0
E545,Mrs. Patty Simmons,18,1,1
E1978,Phyllis Hester,17,5,0
E3047,Amy Campbell,3,5,0
E174,Jeremy Hanson,24,1,0
E4050,Christopher Alvarez,27,5,1
E3256,Rachel Edwards,24,4,0
E3616,Linda Morris,6,2,1
E244,Miguel Ball,10,3,0
E1318,Kristen Romero,23,1,0
E3293,Ryan Jackson,1,2,0
E3251,John Bell,10,2,0
E906,Candice Andrews,12,1,0
E2015,Melissa Campbell DDS,22,3,0
E3633,Michelle Bowen,20,3,0
E3691,Nathan Levine,16,4,1
E1175,Sarah Moon,1,5,0
E3543,Cassidy Pham,5,1,1
E921,Felicia Bush,15,2,0
E2808,Tara Brown,3,5,1
E3083,Christine Ward,9,3,0
E1696,Robert Woodard,8,3,1
E4083,Greg Lopez,13,2,0
E2714,Lori Anderson,16,2,0
E4238,Juan Calhoun,26,1,0
E2666,Maria Evans,7,4,0
E4702,Ashlee Wong,5,3,1
E1119,Michael Gaines,15,1,1
E4362,Carlos Gallegos,12,2,1
E1740,Kristin Douglas,5,5,1
E2804,Lindsay Faulkner,9,3,1
E2662,Michelle Ortiz,28,5,1
E2320,Miguel Evans,17,1,0
E1719,Sonia Hoover,7,3,1
E2092,Shane Martinez,19,2,0
E158,Brandon Pham,5,3,1
E1518,Steven Jennings,29,2,0
E1004,Rebecca Gomez,10,5,1
E3874,Scott Berger,22,5,1
E974,Lauren Torres,16,3,1
E1941,Matthew Rodriguez,14,4,1
E698,David Webb,5,1,1
E1633,David Taylor,16,1,1
E4385,Dennis Greene,18,4,1
E4852,William Collins,12,5,1
E326,Nathan Jones,28,1,0
E4379,Pamela Schmidt,13,3,1
E1279,Dustin Oconnor,7,2,1
E4365,Anne Ingram,26,2,1
E3883,Kyle Holloway,28,5,0
E4565,Javier Torres,25,1,1
E966,Derrick Young,7,4,1
E087,Sara Price,2,4,1
E3113,Austin Jones,25,5,0
E036,Andrea Johnson,2,4,1
E1295,Jason Thomas,5,2,0
E1058,Laura Waters,2,2,1
E309,Jonathan Shelton,29,2,0
E1899,Angela Mitchell,13,2,0
E153,Luis Wilson,6,4,1
E542,Stephanie Martin,12,5,0
E3881,Eric Gonzalez,29,2,0
E3477,Roger Lang,26,5,0
E1523,Toni Castro,24,2,1
E1368,Jeffrey Wheeler,25,2,0
E1580,Trevor Hill,8,5,0
E731,Danielle Mcdonald,17,1,1
E5000,Charles Livingston,8,4,1
E3046,Timothy Pollard,10,5,0
E1437,Steven Gibson,13,3,1
E4281,Matthew Fox,19,4,0
E327,Gary Wells,4,3,0
E2214,Brandy Reyes,15,1,1
E3562,Ryan Vang,9,2,0
E1112,Ashley Sanchez,14,2,0
E4435,Jim Robinson,18,4,1
E1129,Rebecca Schultz,17,4,0
E2248,Timothy Phillips,8,2,1
E2849,Jennifer Burke,2,4,0
E2108,Michael Thompson,17,4,0
E1721,Danielle Murray,2,2,1
E2582,Catherine White,3,2,0
E3133,Gloria Paul,6,2,1
E4986,Keith Morris,26,4,0
E1919,Mary Nelson,22,1,1
E4969,Chelsea Reeves,3,5,0
E1859,Michael Mendoza,2,1,0
E280,Jessica Bailey,15,5,0
E1652,Jacob Drake,10,2,1
E3797,Derrick Alexander,28,4,1
E3011,Brittany Peters,11,3,1
E3545,Joseph Flores,29,2,1
E1960,Robert Brown PhD,8,4,1
E3772,Anthony Vaughn,13,3,1
E1391,Megan Bell,17,4,1
E3522,Jon Cross,25,2,0
E2877,Michael Contreras,20,1,1
E1321,Andrew Robertson,21,5,0
E4851,Ronald Carey,8,3,0
E4275,Stephanie Bradford,18,2,1
E3357,Leah Russell,3,4,0
E3906,Mary Lee,10,5,0
E4706,Marc Hess,16,5,1
E3077,Tiffany Baker,2,4,1
E734,John Gonzalez,9,1,0
E4966,Angela Harris,27,1,0
E3016,Steven Poole,10,2,1
E3996,Catherine Butler,4,1,0
E2657,Frances Evans,26,2,1
E4679,Donna Davis,25,3,1
E170,Larry Hoffman,26,2,0
E2332,Richard Rice,16,5,0
E2030,Michael Rogers,2,5,1
E2910,Sarah Hall,29,4,1
E2343,Stacy Shepard,11,5,1
E666,Joshua Miller,22,2,1
E2508,Susan Bell,3,5,0
E4907,Eric Flores,19,2,1
E3304,Danielle Conley,28,5,1
E2555,Erika Jordan,28,5,0
E469,Brian Jones,11,4,1
E1975,Samantha Powell,10,2,0
E3985,Bryan Carey,26,1,0
E3776,Sarah Freeman,19,4,0
E4543,Susan Case,6,5,0
E2534,Rachel Guzman,18,2,0
E3493,Laura Day,22,2,1
E3171,Jeffrey Meyer,22,2,0
E2822,Theresa Castro,28,1,1
E2334,Ricardo Hall,22,3,1
E1528,Alison Castillo,17,3,0
E4705,Kevin Smith,27,2,0
E2405,Brenda Miller,23,1,0
E3538,Toni Chavez,16,3,0
E2464,Mark White,3,4,0
E115,Jose Chase,4,3,0
E016,Adam Mccoy,18,4,1
E1095,Lori Williams,21,5,1
E1379,Meghan Smith,21,3,1
E1684,Claire Calhoun,12,3,0
E3317,Andrew Hernandez,26,2,0
E4140,Alexis Campbell,21,5,0
E3037,Jordan Dunlap,27,3,1
E2716,Steven Herrera,7,4,1
E2059,Monique Nguyen,2,1,1
E568,Kelly Williams,20,4,1
E4923,Douglas Kelly,6,4,0
E2953,Kristina Chung,9,1,1
E3134,Stephanie Elliott,25,2,0
E2535,Sherri Payne,13,2,0
E4693,Kimberly Martin,19,2,1
E971,Aaron Castillo,30,3,0
E2423,Brian Hogan,12,5,1
E3938,Angela Perez,23,4,0
E4933,Amanda Montgomery,25,4,1
E2968,Cynthia Reyes,23,2,0
E239,Brittany Parrish,4,2,0
E3988,Samantha Anderson,11,2,1
E4086,Ann Moss,13,3,1
E2176,Edward Baldwin,10,3,1
E4360,Kevin Edwards,2,4,0
E3121,Brenda Mcdaniel,10,5,0
E1581,Ann Garcia,3,1,1
E2921,Diana Green,26,2,1
E4560,Linda Davis,6,2,1
E2063,Joel Evans,11,5,1
E024,Ryan Mullins,25,5,0
E3389,William Moody,29,2,0
E3284,Kathleen Graham,12,1,1
E2048,Brenda Walker,20,2,1
E951,Michael Silva,25,5,0
E1646,Katie Callahan,5,2,1
E4874,Stephanie Richards,4,1,1
E3517,Christopher Ortiz,30,4,0
E845,John Skinner,7,5,1
E1400,Douglas Miller,29,1,1
E2942,James Mcfarland,19,5,0
E694,Timothy Robles,12,4,1
E434,Marilyn Miller,14,3,1
E3112,Brian Hernandez,28,1,1
E816,Gina Johnson,11,3,0
E4323,Amy Green,4,3,1
E2189,Jennifer Munoz,28,1,0
E099,Jeff Smith,27,4,1
E2715,Dr. Jessica Cantu,14,1,1
E1472,Austin Simon,29,3,0
E2414,Mr. Howard Leach Jr.,1,2,1
E2493,Brenda Howard,23,5,0
E2074,James Wilson,30,5,0
E4802,Charles Duncan,8,2,0
E513,Keith Campbell,17,5,0
E3417,Joseph Stone,1,2,0
E3377,Carrie Brown,30,4,1
E2596,Mary Obrien,21,5,0
E2095,Brian Holden,25,4,1
E175,Travis Cain,2,4,0
E3563,Beth Brown,4,5,0
E3649,Keith Wheeler,28,4,0
E4774,Taylor Hodge,30,3,1
E557,Joshua Stephenson,30,2,0
E1490,Maria Spencer,15,2,0
E3266,Glen Murray,4,2,1
E1216,Jessica Malone,8,3,1
E3413,Danielle Davis,28,5,0
E2964,Abigail Rollins,23,2,1
E4273,Brendan Yu,18,2,1
E1199,Taylor Smith,20,5,1
E2050,Jasmin Stanley,20,1,0
E162,Alyssa Hart,25,1,0
E3497,Joshua Vargas,13,1,1
E3871,Alisha Jarvis,9,5,1
E1621,Bruce Miller,16,2,1
E3831,Warren Ho,14,1,1
E4352,Mark Galloway,13,2,0
E4226,Terry Wilson,28,1,1
E612,Veronica Arellano,30,5,1
E3115,Peter Swanson,1,4,1
E362,Michael Harper,20,2,1
E2341,Julia Hayes,8,3,1
E3217,Kayla Morris,14,2,0
E2178,Nathaniel Carter,22,5,1
E880,Joseph Shaffer,30,3,1
E3570,Kevin Jones,24,2,1
E1768,Ms. Kristen Patel,20,2,0
E952,Amanda Barrera,10,1,1
E2206,Jonathan Edwards,18,3,1
E1005,Crystal Gallagher,8,3,0
E245,Shannon Gutierrez,17,2,1
E2836,Stanley Myers,11,2,1
E1781,Daniel Baker,23,3,0
E1410,David Morales,8,5,0
E1050,Glenn Todd,18,2,0
E430,Paul Wood,5,4,0
E2634,Kathryn Thomas,18,5,0
E2434,John Cooper,12,2,0
E061,Sarah Nichols,3,3,1
E3760,Jenna Clark,21,3,1
E4976,Monica Garcia,18,5,0
E3306,Paige Miller,3,3,1
E4231,Tiffany Glover,10,2,0
E3456,Brooke Mathis,30,2,1
E537,Jennifer Jones,12,5,0
E3849,Michelle Chung,19,1,0
E2906,Nicholas Lyons,2,5,0
E3140,Rachel Gallagher,9,3,1
E2588,Elizabeth Brown,13,4,1
E2183,Tammy Owen,27,4,1
E4444,Zachary Salazar,13,2,0
E4650,Jeremy Howe,19,2,0
E3661,Dr. William Rosario,13,2,0
E1789,Sara Ruiz,30,4,0
E3422,Jon Leach,9,2,0
E2148,Heather Jackson,28,2,1
E4714,Rachel Jones,27,4,1
E4830,Lawrence Bennett,16,3,1
E3242,Christopher Thompson,5,2,0
E4215,Nancy Robinson,16,2,0
E1202,Stefanie Gonzalez,5,1,1
E968,Melissa Bishop,8,4,0
E1731,Dawn Roach,11,2,1
E1770,Veronica Duncan,22,3,1
E3500,Brenda Little,26,2,0
E1904,Nicholas Banks,22,1,1
E4040,Linda Jones,27,5,1
E4770,Catherine Schneider,21,2,0
E2554,Felicia Webb,17,5,1
E2103,Christopher Cruz,25,3,0
E4982,Robert Green,21,5,1
E2202,Michael Kline,1,4,1
E2645,Samantha Ford,21,2,1
E2057,Jesse Shah,19,3,1
E4850,Jonathan Gomez,3,2,1
E3911,Morgan Valenzuela,15,4,1
E1751,Johnathan Moran,24,5,1
E2322,Crystal Kent,20,5,1
E1038,Angela Lyons,29,2,1
E4831,Andrew Browning,25,5,0
E4044,Russell Griffin,25,4,0
E1735,Stephanie Gonzalez,6,4,1
E1986,Erin Wilkerson DDS,2,3,1
E2458,David Thompson,25,3,0
E4351,Kristen Peterson,22,1,0
E3290,Michelle Romero,16,5,0
E572,Crystal Gonzalez,4,1,0
E1900,Wendy Nelson,4,2,0
E1475,Marvin Williams,2,2,0
E956,Jeffrey Little,9,2,1
E399,Kristin Edwards,2,4,1
E2697,Michael Andrade,24,2,1
E703,James Wood,16,2,1
E4898,Charles Cooper,19,1,0
E4448,Michele Lee,10,3,0
E2709,Lisa Duncan,18,4,0
E3468,Thomas Hurley,30,3,0
E2875,Kathleen Martinez,21,5,0
E496,Jacqueline Martin MD,12,3,1
E3386,Eric Adams,12,4,0
E3546,Dawn Jones,3,2,0
E4697,Mallory Pittman,29,3,1
E623,Seth Sutton,23,1,1
E1093,Catherine White,2,4,1
E890,Chad Alvarado,12,1,0
E4287,Tammy Moran,25,3,0
E4144,Martin Johnson,18,2,1
E3631,Sheri Brown,25,4,1
E3425,Mary Holmes,29,3,1
E2677,Charles Williams,11,1,1
E2871,Steven Wilson,18,3,1
E1693,Mrs. Cheyenne Henderson DVM,23,5,0
E4060,Jonathan Ward,13,2,0
E4848,Evan Benitez,22,3,1
E3340,William Smith,20,1,0
E1497,Daniel Vega,23,4,0
E2274,Charles Henderson,2,4,1
E1106,Briana Santos,14,2,0
E223,Andrew Mendoza,3,2,0
E3664,Scott Oliver,13,2,0
E1826,Felicia Cruz,11,5,1
E2498,Kendra Sanchez,4,4,1
E322,Jonathan Adams,19,1,1
E355,Michael Mann,18,4,0
E1716,Tamara Gray,21,2,0
E1782,Tina Lloyd,12,1,1
E1599,Shannon Davies,16,3,0
E4801,Michele Hall,7,3,1
E419,Rebecca Anderson,20,3,0
E1307,Jennifer Gibson,17,3,1
E2837,Haley King,16,4,1
E2494,Elizabeth Washington,5,4,1
E4295,Kathleen Rogers MD,28,5,0
E3270,Robert Evans,20,4,0
E302,Joshua Jordan,26,2,1
E2369,John Garner,29,3,1
E2675,Douglas Park,27,5,1
E096,Erica Lang,28,2,0
E122,Darrell Ray,1,5,1
E842,Christopher Scott,2,4,0
E2562,Albert Mckay,2,1,0
E1104,Debbie Robinson,5,3,0
E1683,Kathleen Anderson,11,3,0
E879,Jeff Jones,17,5,0
E2412,Jennifer Wilson,2,5,1
E586,Brian Powers,9,2,0
E259,Ashley Hall,12,2,0
E203,Lisa Marshall,21,5,0
E571,Richard Norris,14,4,0
E1332,Abigail Jones,30,2,1
E960,Sharon Miller,2,4,0
E4523,David Reed,27,1,1
E3023,Brittany Fernandez,30,3,1
E1260,Douglas Larson,10,3,1
E4896,Ronald Collins,21,5,0
E2371,Lisa Dunlap,21,3,1
E460,Sean Morse,6,3,1
E685,Lauren Stanley,21,2,0
E3583,Andrew Johnson,25,2,0
E3080,Lee Lane,22,2,1
E2591,Kristen Johnson,17,3,0
E3223,George Johnson,8,3,1
E2256,Aaron Anderson,15,3,1
E1350,Craig Ruiz,18,4,1
E056,Katherine Johnson,23,1,0
E3979,Brett Fischer,13,1,1
E939,Debra Johnson,6,2,0
E4622,Amanda Smith,8,5,0
E3915,Dylan Tucker,21,3,0
E263,Stephen Holder,16,3,0
E1530,Jack Duran,14,3,0
E3987,Daniel Thompson,19,3,0
E3141,Tara Moyer,7,4,1
E4206,Jeffrey Gilbert,23,2,1
E3177,Jeanette Black,14,2,1
E1752,Kyle Fisher,27,4,0
E2438,Leslie Meadows,24,3,1
E1222,Jennifer Glass DDS,2,5,1
E2252,Natalie Morrison,5,4,0
E2244,Christopher Sanchez,17,5,0
E328,Andrew Jimenez,20,5,0
E863,Glenn Jimenez,4,3,0
E2395,John Johnson,5,1,1
E2711,Emily Ellis,29,3,0
E3487,Melissa Lee,18,5,1
E2640,Cindy Moore,29,2,0
E1795,Christina Snyder,15,3,1
E3641,Daniel Rose,19,4,0
E1115,Michael Preston,7,4,0
E4331,James Erickson,8,3,1
E2806,Jessica Moore,16,3,0
E4550,Kelly Odonnell,2,2,0
E1161,Scott Ortiz,24,4,0
E3316,John Hampton,8,1,0
E2307,Kelly Bishop,27,2,1
E3506,Carlos Robinson,9,5,0
E3360,Patricia Ford,2,2,1
E2387,Brandy Williams,23,5,0
E2790,Joshua Brown,1,3,0
E1846,William Fox,16,3,0
E1320,Morgan Sherman,26,3,1
E4610,Matthew Adkins,11,5,0
E2595,Stacey Hoffman,1,3,1
E1558,Kristen Castillo,17,1,0
E2707,Samantha Anderson,1,3,0
E2823,Amanda Turner,20,3,1
E3662,Victoria Ramirez,22,2,1
E4775,Melanie Wheeler,12,5,0
E2170,Jay Kennedy,29,2,0
E3578,Karen Underwood,14,2,1
E4191,Amanda Garrett,3,2,0
E030,Dylan Beard,26,1,1
E1081,Timothy Horne,13,2,1
E3322,Nicholas Randall,20,3,0
E4264,Kristin Walker,12,4,1
E2310,Amanda Powell,6,5,1
E3183,Annette Davis,9,1,1
E823,Annette Shaw,3,1,1
E4017,Steven Burnett,12,1,1
E3118,Aaron James,8,1,0
E1587,Jill Medina,13,1,0
E3050,Deanna Salazar,6,5,1
E3593,Paula Cooper,4,2,1
E4262,Jamie Smith,5,5,0
E2746,Jason Ewing,10,2,0
E4993,Sandra Charles,6,3,0
E1869,Rachel Miller,20,4,0
E4531,Christopher Miller,13,2,1
E1943,James Stewart,13,4,0
E420,Rebecca Hays,8,1,1
E784,Jason Brooks,14,4,1
E3735,Michael Carter,16,3,0
E376,Austin Thompson,30,5,1
E3943,Randall Miller,1,3,0
E4512,David Price,17,5,0
E2695,Kyle Martinez,10,2,0
E1594,Alison Blake,3,3,0
E531,Walter Johnson,18,2,0
E4671,Barbara Shepherd,10,2,1
E1231,Samantha King,17,2,1
E2541,Madison Graves,1,1,1
E3356,Sara Guzman,29,3,0
E4138,Alex Villa,25,1,0
E4946,Nicole Hudson,17,5,1
E151,Sean Price,25,1,1
E2665,Julie Smith,24,1,0
E432,Christopher Grant,11,3,0
E630,Sarah Beltran,12,4,0
E1579,William Davis,8,3,1
E365,Dr. April Garcia DVM,17,1,1
E1642,Javier Russell,24,1,1
E2730,Peggy Patterson,21,3,1
E3600,Tammy Smith,25,5,0
E2365,Michelle Diaz,23,2,0
E4356,Isaac Williams,16,5,0
E3986,Nicholas Fields,22,4,1
E4687,Lynn Collins,11,5,1
E3029,Jessica Campbell,21,3,1
E1445,Jason Boyer,30,1,1
E457,Jennifer Vasquez,2,1,0
E3596,Melanie Lee,27,3,1
E688,Emily Zuniga,22,4,0
E1583,Jason Cox,5,5,0
E2982,Lisa Mcgee,3,2,1
E1294,Sara Roberts,21,2,0
E4736,Michael Lozano,29,2,0
E4508,Ryan Fuller,22,2,0
E4858,Erin Smith,2,5,0
E562,Thomas Hurley,22,5,0
E1715,James Jones,3,5,0
E2874,Kathy Hopkins,29,5,1
E1742,Daniel Soto,3,3,0
E4557,Laurie Hernandez,21,1,1
E3807,Jason Patterson,8,5,1
E3319,Vincent Gaines,19,2,1
E1501,Jennifer Gomez,28,5,1
E3833,Kelsey Stevens,8,4,1
E4037,Xavier Dixon,21,3,1
E2747,Priscilla Miller,26,5,0
E706,Michelle Rodriguez,20,5,0
E2142,David Webster,3,1,0
E2522,Amy Pearson,5,2,1
E2266,Ryan Palmer,3,2,0
E3481,Richard Chandler,29,4,1
E2813,Jennifer Ward,24,4,1
E3300,William Riddle,26,4,1
E2594,Marie Hobbs,27,2,1
E4563,Harold Nichols,15,2,0
E2629,Kevin Mcmillan,13,2,0
E2544,Nicole Stanley,28,1,1
E499,Dana Hill,20,3,0
E3991,Amy Robles,1,1,1
E1938,David Palmer,8,4,0
E3098,Brian Davis,10,5,0
E2356,Mary Brock,5,2,0
E2453,Ashley Fletcher,16,2,0
E1538,Dr. Donald Todd MD,30,1,0
E2581,Jennifer Crawford,14,5,0
E782,Miranda Kramer,6,4,0
E3453,Kristina Reynolds,13,1,0
E1053,Robert Yates,5,2,0
E2739,Steven Castillo,9,2,1
E4614,Matthew Martin,19,3,0
E2487,Patricia Schmidt,12,4,1
E1288,Katrina Smith,1,2,0
E3114,Michelle Castillo,3,5,0
E2932,Tracy Peters DDS,3,2,0
E2950,Alex Lamb,22,1,1
E1374,William Ferrell,29,1,1
E2358,Adam Reynolds,21,5,0
E3609,Ronald Thomas,16,3,1
E724,Mark Roberts,23,3,0
E3995,Debbie Vazquez,16,5,1
E2136,Kayla Moore,29,3,0
E1799,Elizabeth Fuller,7,5,1
E2717,Diana Bush,15,3,0
E4292,Chelsea Smith,12,4,0
E4077,Angela Weiss,23,4,0
E1786,Gabriel Wade,5,4,0
E4227,Alexandria Williams,1,3,0
E001,Sharon Burns,29,3,0
E367,Andrea Lee,6,4,0
E671,Emily Brown,29,5,1
E715,Lynn Melton,6,4,0
E1712,Martha Wilkinson,13,5,1
E2051,Alexander Nash,25,4,0
E1259,Mckenzie Reyes,22,4,1
E2960,Lisa Ramsey,16,1,0
E3073,Jennifer Lozano,18,4,0
E696,Gregory Smith,10,1,0
E3672,Emily Richard,6,1,1
E1431,Steven Davis,26,5,1
E3474,Christopher Lambert,16,1,1
E1169,Isabella Hatfield,24,3,1
E4574,Rebecca Leonard,1,2,1
E2795,Jennifer Barry,16,5,0
E426,Julie Phillips,15,5,0
E2379,Jason Levy,16,5,0
E1232,Jacob Nguyen,23,3,0
E1806,Angela Ramirez PhD,25,2,1
E418,Juan Hicks,3,3,0
E3531,Rebecca Hooper,2,4,1
E897,Barbara Ballard,17,2,1
E793,Stephanie Hobbs,12,5,1
E4151,Colleen Flowers,29,4,1
E2275,Abigail Jones,28,5,1
E2818,Donna Carroll,11,3,0
E1920,William Lopez,9,1,1
E4513,Cesar Ellis,3,4,0
E2794,Steven Gonzalez,19,5,0
E2732,Krista Hernandez,20,4,1
E4838,Sheila Reyes,21,3,1
E658,Susan Graham,25,4,1
E1924,Barry Nichols,25,3,1
E4990,Francis Turner,26,2,0
E2888,Carol Martinez,19,4,0
E461,Tyler Larson,19,2,0
E4613,Christopher Kim,26,5,0
E1563,Alexandra Baker,12,2,1
E3709,Antonio Lucas,18,5,0
E1907,Logan Montgomery,21,4,0
E1997,Leslie Robinson,5,1,0
E736,Tanya Sosa,8,5,0
E2040,Timothy Bowers,21,4,0
E2944,Ronnie Wilson,14,4,0
E2100,Ronnie Ramirez,13,1,0
E2360,Sean Walsh,23,4,1
E3005,Joshua Garrett,19,2,1
E4047,Patricia Norton,1,1,1
E871,Priscilla Hernandez,29,4,1
E2457,Dana Fowler,24,4,1
E1448,Travis Patel,18,4,0
E3746,Chris Turner,11,5,0
E530,Deborah Calhoun,8,3,0
E2505,Darren Roach,21,2,1
E1357,Katherine Perez,10,3,1
E828,Beth Jones,12,1,0
E2039,Megan Walls,5,3,1
E1513,Dawn Brown,17,5,1
E1745,Sean Peterson,10,2,0
E2079,Jeremy Stout,13,2,0
E4222,Rodney Smith,24,4,1
E1970,Julie Boyle,8,2,0
E3344,Olivia White,3,2,0
E1691,Timothy Woods,20,2,1
E573,Stephanie Stevenson,27,5,0
E2787,Karen Macdonald,1,5,0
E907,Jennifer Erickson,20,4,0
E2856,Susan Wright,29,4,0
E2832,Mary Taylor,2,2,1
E4547,Cindy Mendez,14,1,0
E311,Adriana Kelley,24,2,0
E3873,Kevin Hill,7,2,1
E4160,Larry Bautista,14,3,0
E1049,Renee Lewis,27,2,1
E2778,Richard Duncan,8,3,0
E4021,Dana Walker,14,3,0
E3948,Patricia Walter,13,5,1
E4142,Jacob Cruz,24,2,1
E4285,Glenda Bennett,9,5,1
E2798,Valerie Smith,22,1,1
E019,Alexandria Smith,18,2,1
E1221,Jacob Jennings,10,2,1
E281,Michael Villa,21,2,1
E1961,Elizabeth Reyes,16,3,0
E718,Erin Hernandez,5,2,0
E949,Bobby Bates,1,3,0
E2286,Jane Pruitt,27,2,1
E3608,Jill Wilson,15,3,1
E2680,Allen Brooks,25,4,0
E2212,Jordan Phillips Jr.,28,3,0
E2486,David Aguirre,24,4,0
E005,John Cook,27,1,0
E2093,Isabella Lawson,27,4,1
E2618,Anthony Mcgrath,23,5,1
E315,Joanna Munoz,12,3,0
E2390,Sarah Garcia,6,2,0
E3710,John Barnett,20,4,1
E2179,Shelby Mccall,29,4,0
E3505,Mrs. Elizabeth Lowery DDS,14,5,1
E1282,Kirsten Campbell,30,2,0
E310,Jamie Rogers,16,3,1
E4897,Daniel Mendez,17,4,0
E3836,Joshua Smith,15,3,0
E179,Matthew Osborne,10,2,1
E401,Frederick Brewer,20,4,1
E4670,Rebekah Goodwin,14,4,1
E4445,Elaine Buchanan,12,2,1
E2416,Joseph White,28,1,0
E621,Leslie Gaines,23,1,0
E4738,Emily Bryant,22,2,1
E2861,Carolyn Johnson,16,5,0
E049,Michael Diaz,25,5,1
E3312,Jeremy Wallace,18,5,0
E1312,Drew Jones,10,3,1
E4260,Gilbert Gutierrez,7,4,0
E4364,Megan Hunt,24,4,1
E1034,Eric Anderson,14,3,1
E4065,Nicholas Schroeder,4,1,1
E4241,Roger Lynch,11,4,1
E4327,Mrs. Jasmine Rogers,26,2,0
E3343,Michelle Davis,27,5,1
E1380,Jessica Bryant,29,3,1
E1617,Benjamin Galloway,26,4,0
E836,Robert Allen,6,3,0
E1012,Autumn Pearson,27,5,0
E650,Eric Garrett,3,4,1
E2065,Matthew Thomas,30,4,0
E3063,John Allen,3,5,0
E1584,Richard Porter,20,1,0
E1000,Ashley Swanson,19,3,1
E945,Kyle Taylor,7,4,1
E4084,Morgan Mitchell,6,2,0
E1426,John Reid,18,3,0
E219,Amy Carter,8,1,0
E1915,Stephanie Washington,21,3,1
E1985,William Thomas,20,3,0
E4028,Melanie Hoover,16,1,1
E1219,David James,18,2,0
E1893,Timothy Thompson,27,4,1
E2346,Kathleen Morris,25,3,1
E1447,Nicole Vega,5,5,1
E3309,Brett Marshall,3,1,1
E234,Deborah Blackwell,15,2,1
E4239,Ronnie Solis,14,2,1
E2598,Patricia Soto,11,4,1
E2515,Amber Vasquez,30,3,1
E3332,Mark Woods,2,3,0
E2285,Matthew Silva,7,2,1
E3604,Christian Sparks,3,2,1
E482,Michael Gutierrez MD,17,2,1
E4756,Amy Brown,26,5,1
E2799,Sarah Gray,30,2,1
E4414,David Garcia,12,1,0
E4632,Matthew Gilbert,9,4,0
E3779,Kyle Smith,11,1,0
E3559,Lisa Campos,9,2,1
E3414,Sarah Morris,27,3,0
E4266,Sherry Hall,20,2,1
E3877,Betty Ellison,14,5,0
E713,Christina Lewis,4,1,1
E1815,James White,2,2,0
E1868,Tyler Nixon,22,3,1
E1023,Dylan Shepherd,25,3,0
E3748,Holly Blankenship,5,3,0
E3553,Jacqueline Fischer,23,2,1
E3700,Shannon Jacobs,23,2,0
E1107,Walter Griffin,25,5,1
E4371,Tammie West,9,5,0
E995,Cassandra Morris,20,4,1
E901,Richard Moore,6,4,0
E4339,Victor Griffin,28,4,1
E1566,Jeff Garcia,14,2,1
E2639,Terri Brennan,26,1,0
E1968,Tammy Berry,5,5,0
E4996,Robin Doyle,7,2,1
E4516,Summer Kidd,15,4,1
E4401,Patricia Smith,15,2,0
E2842,Wanda Walsh,29,5,0
E1817,Kevin Torres,6,3,0
E321,Aaron Santos,1,4,0
E4957,Joseph Cisneros,13,3,0
E1635,William Frost,2,5,1
E1458,Daniel Carroll,30,1,0
E2551,Charles Monroe,13,4,1
E2558,Sherry Olsen,23,3,0
E3980,Tammy Shannon,4,1,1
E924,Thomas James,7,2,0
E4216,Barry Conner,7,5,1
E916,Angela Young,24,4,0
E4723,Cindy Kidd,1,4,1
E3577,Kevin Williams,17,3,1
E4198,Joanne Carter,17,1,0
E3415,Phillip Cooper,12,5,0
E120,Brad Brown,8,2,0
E3693,Amanda Thompson,4,5,0
E3613,Heather Stanley,4,1,1
E173,Brandon Jordan,23,5,1
E1756,Matthew Young,1,2,1
E735,Barbara Romero,9,2,1
E2374,Brian Chapman,14,4,1
E1666,Mariah Baker,1,4,0
E2914,Ashley Dawson,4,3,0
E1395,Warren Hahn,1,3,0
E4276,Karen Le,21,2,0
E4320,George Ramirez,8,5,1
E2745,Laura Carter MD,5,4,1
E898,Ryan White,11,4,0
E3349,Patricia Sullivan,13,1,1
E3993,Andrew Morgan,5,4,0
E3434,John Peterson,4,2,0
E1486,Robert Davis,27,1,1
E3419,Jeremy Torres Jr.,22,3,0
E2959,Angie Davis MD,27,4,0
E2740,Christine Roberts,4,5,1
E2776,Jimmy Chen,15,2,1
E1981,Gregory Warner,27,2,0
E1101,Victoria Butler,17,2,0
E2301,Leroy Benton,4,4,1
E1384,Rhonda Webb,23,1,0
E2013,Sarah Owens,11,4,0
E2290,Christina Jimenez,22,1,0
E2000,Haley Miller,11,3,1
E4682,Jonathan Gray,11,1,0
E4844,Joshua Allen,14,2,0
E4032,Kelsey Roberts,21,2,0
E2602,Mary Mendez,28,1,1
E4712,Colleen Flores,3,2,1
E3909,Sarah Arnold,14,1,1
E3817,Travis Delgado,13,5,1
E1717,Joyce Warner,22,2,0
E4484,Brandon Sanders,18,3,0
E929,Fernando Mullins,23,3,1
E3787,William Walker,30,3,0
E4903,Jason Williams,26,2,1
E795,Carl Smith,10,5,1
E1491,Julie Larson,27,4,1
E3244,Janet Bennett,30,1,0
E1850,William Maxwell,28,1,0
E228,Douglas Lee,2,2,1
E4927,Barbara Jennings,12,3,0
E1560,Jeffrey Ferguson,28,3,1
E398,Mrs. Rebecca Whitney,25,4,1
E3725,Michelle Smith,5,4,1
E4953,Melinda Gordon,25,2,1
E620,Daniel Randolph,27,2,1
E1499,Christopher Stewart,8,3,1
E1302,Alan James,13,4,1
E4824,David Williams,26,5,0
E1308,Susan Miranda,24,3,1
E1603,Megan Donaldson,23,2,1
E1746,Nicole Martin,6,1,1
E008,Nicholas Miller,21,5,1
E1267,Julia Allen,29,2,0
E4152,Nicole Good,24,1,0
E1117,Katelyn Austin,23,4,1
E1210,Donna Schneider,1,3,1
E4972,Penny Adkins,1,5,0
E1626,Michael Stokes,13,5,0
E4997,Robert Shelton,21,4,1
E4184,Jeffrey Barnes,3,1,0
E4915,Kelly Smith,9,1,0
E862,Michelle Hampton,1,5,1
E2362,Melissa Gilmore,13,1,1
E4003,Kimberly Brown,28,1,0
E2047,Theresa Martinez,8,5,0
E4519,Dakota Allen,13,2,0
E4402,Jeffrey Smith,24,5,1
E406,Allison Rogers,24,1,0
E1953,Jamie Shields,1,5,1
E651,Randy Holmes,19,2,1
E556,Haley Case,24,1,0
E1317,Kara Williams,8,3,0
E1303,Nathaniel Jones,26,1,0
E286,George Fry MD,22,5,1
E3939,Karen Long,18,1,1
E308,James Morgan,28,4,0
E476,Vanessa Ramirez,11,2,1
E3582,Christopher Simpson,19,3,1
E1255,Danny Powell,6,3,1
E4166,Monica Foster,29,2,0
E2198,Michelle Campos,29,5,0
E2234,Sandra Paul,26,4,1
E3839,Gary Hoffman,7,3,1
E2825,Tiffany Bond,5,3,1
E1889,Peter Mckee,16,2,0
E1517,Kimberly Smith,4,1,1
E4224,Kimberly Thompson,15,4,0
E1865,Dennis Erickson,7,4,0
E4016,Nicole Torres,29,3,0
E1734,Brandon Ray,5,2,0
E4932,Jason Mendoza,18,2,0
E4495,Rebecca Lopez,23,5,1
E1443,Michelle Orozco,6,5,0
E182,Gregory Sanchez,30,1,1
E3278,Debra Goodwin,6,4,1
E2559,Tamara Rowe,2,5,0
E2085,Sharon Hayes,27,4,1
E2916,Grace Moore,24,2,0
E1270,Danielle Odonnell,10,3,0
E3566,Michael Collins,20,5,1
E3202,Danielle Gutierrez,17,5,0
E1044,Daniel Delacruz,9,4,0
E1785,Zachary Ferguson,22,2,0
E1087,Emily Cook,20,3,0
E730,James Powell,3,2,1
E4867,Kimberly Owens,2,3,0
E4506,Curtis Hernandez,7,3,0
E4146,Nicole Powell,25,4,0
E2042,Jenny Roberts,15,2,1
E2265,Martha Cline,19,2,1
E1439,Samuel Sellers,14,5,1
E1624,Natasha Burns,6,5,1
E2692,Mark Chavez,19,3,1
E910,Todd Finley,15,4,1
E4959,Mario Park,27,2,0
E1553,Brandon Leblanc,11,1,0
E3326,Seth Hill,21,2,0
E2180,Crystal Morgan,29,4,0
E1463,Christine Duran,1,3,0
E039,Audrey Sanchez,24,2,0
E1820,Laura Marshall,7,4,0
E4430,Veronica Jensen,15,2,1
E4317,Elijah Moore,23,3,0
E1419,Robert Gray,6,4,1
E3605,Chelsea Scott,29,3,1
E2471,Tiffany Johnson,10,1,0
E180,Patrick Bennett,9,2,1
E1728,Christina Spencer,9,4,1
E3472,Nancy Bennett,6,3,0
E3122,Samantha Mendez,9,4,0
E316,Kathleen Green,7,3,1
E981,Dr. Amy Rhodes,9,5,0
E2450,Jennifer Glover,6,2,0
E3470,Colleen Nguyen,18,3,1
E3421,Stephanie Martin,29,1,1
E4163,Steven Crawford,4,4,1
E3101,Michael Whitehead,15,5,0
E4534,Amy Walter,21,4,1
E3547,Emily Cantrell,16,3,0
E2222,Robert Kelley,17,2,1
E4200,Christopher Wolfe DDS,23,5,1
E3826,Lindsey Bruce,11,1,1
E744,Christopher Hunt,2,2,1
E4884,Joshua Brooks,4,2,0
E1415,Jessica Hill,11,3,1
E3294,James Watson,29,1,1
E323,John Harris,11,3,1
E2418,John Mccoy,30,1,1
E325,Karl Payne,16,3,0
E1906,Lisa Cardenas,24,3,0
E2313,Samantha Nelson,14,3,1
E3789,Shannon Smith,26,2,1
E2429,Jerry Miller,27,2,1
E2023,David Cook,25,1,0
E4537,Melissa Griffin,14,1,0
E1661,Adam Carlson,27,2,0
E4790,Emily Dickerson,10,2,1
E4853,Jessica Dougherty,29,3,0
E4678,Elizabeth Nguyen,30,2,1
E3689,Julie Carroll,17,2,0
E3299,Steven Phelps,16,5,1
E4642,Anna Brown,20,2,1
E1245,Mr. Christian Mason,24,2,0
E4185,Vincent Beck,8,3,0
E4762,Joshua Hill,17,1,1
E1178,Chad Sherman,24,1,0
E1753,Sharon Roberson,15,4,0
E4154,Willie Mendez,5,1,1
E4015,Carmen Woods,3,4,0
E101,Patricia Smith,12,2,0
E2204,Joshua Bush,17,5,1
E1048,Jamie Blanchard,26,5,0
E3181,Eric Reilly,3,2,1
E1894,Dakota Briggs,25,4,1
E813,Victor Collins,7,2,0
E3167,Brandon Arnold,11,3,0
E3716,George Lopez,10,2,0
E2282,Kayla May,21,3,0
E152,Mrs. Brenda Avila,12,3,0
E4395,Dakota Farrell,10,2,0
E494,Monica Harris,13,4,0
E1965,Robert Rosales,19,1,1
E2734,Amanda Fox,2,1,0
E4885,Kevin Dixon,11,1,1
E1083,Pamela Scott,3,4,1
E2949,Michael Phillips,14,1,0
E029,Felicia Case,8,2,1
E717,Zachary Brown,19,2,1
E4457,Melinda Johnson,4,1,0
E3394,Joe Carter,27,2,0
E989,Robert Dunn,11,4,0
E4176,Ryan Dyer,25,3,1
E2866,Todd Sexton PhD,27,2,0
E4928,Justin Schultz,28,3,0
E1121,Dawn Fischer,14,5,0
E803,Lindsay Smith,12,2,1
E4474,Jasmine Wilson,28,5,0
E4963,Michael Lopez,26,3,0
E3722,Justin Foster,5,1,0
E1329,Daniel Williams,24,5,1
E3707,Damon Harris,5,2,0
E4783,Kenneth Strong,16,4,0
E1827,Daniel Ramos,22,2,1
E3086,Scott Stout,24,3,1
E4956,Troy Davis,1,3,1
E2845,Dr. Stephen Villarreal,25,3,1
E4288,Peter Avery,6,3,1
E4203,Jessica Carr,16,4,1
