emp_name,department,experience
Nicholas Miller,Sales,20
Angela West,Finance,20
Benjamin Johnston,Marketing,20
Felicia Case,Sales,20
Dylan Beard,Engineering,20
Jason Stein,Engineering,20
Jason Cooper,Marketing,20
Mary Hodge,Finance,20
Kathryn Dunn,HR,20
Charles Anderson,Finance,20
Kelly Cuevas,Marketing,20
Daniel Richards,Marketing,20
Shelley Schneider,Engineering,20
Sarah Evans,Marketing,20
Jill Gonzalez,Marketing,20
Ernest Thompson,Finance,20
Kristen Jacobs,Marketing,20
Meredith Stuart,Marketing,20
Craig Aguilar,Finance,20
Carol Ross,Finance,20
Joseph Ball,Finance,20
Renee Walker,Finance,20
Patricia Smith,Marketing,20
Chelsea Anderson,Marketing,20
Kevin Lopez,Finance,20
Jerome Salas,Sales,20
John Moore,Marketing,20
Darryl Torres,Finance,20
Mark Baker,Marketing,20
Mary Jenkins,Marketing,20
Whitney Brown,Finance,20
Luis Wilson,Finance,20
Steven Rodriguez,Engineering,20
Alyssa Hart,HR,20
John Hill,Sales,20
John Newman,Sales,20
Samantha Lewis,Sales,20
Brenda Murphy,Marketing,20
Megan Padilla,HR,20
Anthony Malone,Sales,20
Eric Soto,Sales,20
Ronald Fernandez,Sales,20
Joshua Munoz,HR,20
Sarah Steele,Sales,20
Eduardo Chang,Sales,20
Juan Ho,Marketing,20
Christopher Webb,Finance,25
Stephanie Rowe,Finance,20
John Gordon,Finance,20
Melissa Ward,Finance,20
Stacy Gutierrez,Sales,20
Shannon Archer,Sales,20
Jessica Chen,Marketing,22
Michael Payne,Engineering,20
Edward Gonzales,Sales,20
Jessica Bailey,Engineering,20
Michael Villa,Finance,20
Terry Moore,Marketing,20
Michelle King,Engineering,20
Anthony Escobar,Marketing,20
Blake Ross,Engineering,20
James Morgan,Finance,20
Diana Mcgee,Sales,20
Jerry Mathews,Finance,20
Holly Martinez,Finance,20
Tricia Hicks,Engineering,20
Brianna Armstrong,Marketing,20
Luis Jones,Sales,20
Michael Mann,Finance,20
Jennifer Miller,HR,20
Pam Jones,Marketing,20
Eric Rios,Marketing,20
Tiffany Walker,Marketing,20
Bradley Moore,Finance,20
Curtis Hays,Engineering,20
Lori Adams,Finance,20
Marco Gonzalez,Finance,20
Peter Webster,Marketing,20
Amanda Clarke,HR,20
Erin Jones,HR,20
Brett Schmidt,Finance,17
Joseph Kennedy,Sales,20
Richard Brooks,HR,20
Danielle Galvan,Sales,20
Dominique Smith,Sales,20
Robert Richardson,Finance,20
Daniel Gonzales,Engineering,20
Brittany Martinez,Marketing,20
Jim Peterson,Sales,20
Christopher Grant,Marketing,20
Marilyn Miller,Finance,20
Oscar Rogers,Sales,20
Gina Williams,Sales,20
Holly Farmer,HR,20
John Martinez,Marketing,20
Crystal Sanchez,HR,20
Gary Reid,Marketing,25
Timothy Cook,Finance,20
Monica Harris,Engineering,20
Jacqueline Martin MD,HR,20
Troy Duncan,Sales,20
Doris Carey,Marketing,20
Andrew Lynn,Marketing,20
Deborah Calhoun,Marketing,20
Walter Johnson,Finance,20
Rachael Alvarez,Engineering,20
Ryan Bell,HR,20
Mrs. Vanessa Robertson,HR,20
John Miller,Engineering,20
Michael Craig,HR,20
Timothy Young,Finance,20
Angela Meyer,Sales,20
Thomas Hurley,Finance,24
Jessica Contreras,Sales,20
Dr. Chelsey Wallace,Sales,20
Lisa Reed DDS,Marketing,20
Richard Norris,Sales,20
Roger Flynn,Marketing,20
Ronald Williams,Marketing,20
Kristen Dominguez,Engineering,20
Tammy Lane,HR,20
Mrs. Paula Baker,Marketing,20
Phillip Howard,Finance,20
Veronica Arellano,HR,20
David Perez,Sales,20
Daniel Randolph,HR,19
Jacqueline Jones,Sales,20
Ashley Cruz,Sales,20
Joseph Hebert Jr.,Engineering,20
Kyle Sanchez,Engineering,20
Katherine Nguyen,Sales,20
Mark Walker,Marketing,20
Veronica Baldwin,Engineering,20
Sandy Tucker,Finance,20
Gina Floyd,Sales,20
Jonathan Davis,Finance,20
Robert Cain,Sales,20
Lisa Edwards,Finance,20
Wendy Greer,Finance,20
Lauren Francis,Sales,20
Cathy Delgado,HR,20
Richard Davis,Sales,20
Ashley Johnson MD,Finance,20
John Beck,Sales,20
James Wood,HR,20
Jonathan Smith,Sales,20
Lynn Melton,HR,20
Zachary Brown,HR,20
Carol Miller,Sales,20
Mark Roberts,Sales,20
Louis Peterson,Finance,20
Aaron Harvey,Marketing,20
James Powell,Finance,20
Michelle Edwards,Finance,20
Daniel Frost,Finance,20
Michael Tran,Engineering,20
William Vega,Marketing,20
Ricardo Levine,Engineering,20
Cody Roberts,Sales,22
Lori Campbell,HR,20
Kimberly Martin,HR,20
Michael Santos,Engineering,19
Roberta Perez,Finance,20
Shannon Mccoy,HR,25
Billy Manning,Sales,20
Micheal Armstrong,Marketing,20
Nicholas Gonzales,Finance,20
Stephanie Garcia,Engineering,20
Taylor Garrett,Finance,20
Jeffery Harris,Marketing,20
Richard Schwartz,Sales,20
Christina Miller,Sales,20
Dustin Morgan,Finance,20
Alexandria Clark,Sales,20
Jennifer Clayton,Sales,20
William Hoover,Finance,20
Kristin Lambert,Sales,20
Michael Anthony,Engineering,20
Thomas Walsh,HR,20
Carl Mcdonald,Sales,20
Brittany Butler,Sales,20
Lisa Harvey,HR,20
Tristan Rivera,Sales,20
Priscilla Hernandez,HR,20
Anna Moore,Marketing,20
Catherine Williams,Engineering,20
Michael Bell,HR,20
Barbara Ballard,Marketing,20
Ryan White,Engineering,20
William Mendez,Sales,20
Candice Andrews,Marketing,23
Christine Rodriguez,HR,20
Angela Young,Engineering,20
Austin Williams,Engineering,20
Michael Frey,Finance,20
Thomas James,Engineering,28
Michelle Ramirez,Engineering,20
Nathan Vazquez,Finance,20
Joanna Kelley,Sales,20
Diane Wood,Sales,20
Hector Fernandez,Finance,20
Barry Spencer,Finance,23
Bobby Bates,Engineering,20
Lisa Curtis,Finance,20
Sherri Collier,Marketing,20
Jeffrey Little,Marketing,20
Judith Chavez,HR,20
Margaret Cannon,Engineering,20
Derrick Young,Sales,20
Emily Lane,Marketing,20
Lauren Torres,Sales,20
Laura Allen,HR,20
Dawn Campos,Marketing,26
Lynn Williams,HR,20
Sean Cooper,Engineering,20
Dylan Shepherd,HR,20
Reginald Mccullough,Engineering,20
Daniel Delacruz,Finance,20
Jamie Blanchard,Engineering,20
Robert Yates,Sales,20
Amy Rogers,Marketing,20
Sarah Brady,HR,20
Adam Bradford,Engineering,20
Stacy Green,Sales,20
William Adams,Finance,20
Tony Brewer,Engineering,20
John Smith,Finance,20
Brian Campbell,HR,20
Robert Bond,Engineering,20
Briana Santos,HR,20
Martin Ashley,Sales,20
James Hill,HR,20
John Stokes,Marketing,20
Michael Gaines,HR,20
Dawn Fischer,Marketing,20
Gregory Douglas,Marketing,26
Barbara Travis,Engineering,20
Michael Cruz,Engineering,20
Eric Davis,HR,17
Matthew Donovan,Marketing,20
Victor Huerta,HR,20
William King,Marketing,20
Russell Hartman,Sales,20
Roger King,HR,20
Daniel Stewart,HR,20
Jacqueline Sanders,Sales,20
Sarah Moon,Sales,20
Susan Garcia,Sales,20
Nathan Rogers,Sales,20
Colleen Martinez,Engineering,20
Donald Palmer,Marketing,20
Anita Wheeler,Marketing,20
Wayne Lang,Marketing,20
Jeffrey Sosa,Marketing,20
Joseph Parsons,HR,20
Joseph Good,Sales,20
Olivia Macias,Marketing,20
David Warner,Sales,20
Jacob Nguyen,Engineering,20
Matthew Lawrence,Marketing,20
Erin Collins,Marketing,20
Michelle Harrison,Finance,20
Kristen Matthews,Engineering,20
James Pierce,HR,20
Douglas Larson,Engineering,20
Julie Wallace,Marketing,20
Philip Wells,Sales,20
Stephanie Munoz,HR,20
Justin Sanchez,Engineering,20
Paul Griffith,Engineering,20
Michael Gomez,Sales,20
Chloe Hood,Engineering,20
Alyssa Johnson,HR,20
Monica Morrison,Engineering,20
Brittany Bowers,Finance,20
Morgan Sherman,HR,20
Katherine Washington,Engineering,20
Kathryn Perez,HR,20
George Peterson,HR,20
Amanda Decker,Marketing,20
Logan Edwards,Engineering,20
Paul Barron,Finance,20
Crystal Berry,HR,23
David Rose,Engineering,20
William Ferrell,Marketing,20
Megan Bell,Marketing,20
Diane Robinson,Marketing,20
Dana Kelley,Finance,20
David Morales,Finance,20
Katherine Johnson,Sales,20
Scott Jimenez,Sales,20
Anne Jennings,Finance,20
Samuel Sellers,Finance,20
Michelle Orozco,Finance,20
Laurie Yang,HR,20
Nicole Vega,HR,20
Mark Casey,Marketing,20
Philip Mcgee,HR,20
Victoria Meyers,Finance,20
Tracey Norton,Engineering,20
Curtis Carter,HR,20
Dustin Ross,HR,20
Joseph Davis,Finance,20
Kenneth Jimenez,HR,20
Kaitlyn Smith,Sales,20
Brittany Jacobs,Finance,24
Jesse Wagner,Sales,20
Cynthia Fernandez,Marketing,20
Christina Jennings,HR,20
Nicholas Rodriguez,HR,20
James Cantrell,Sales,20
Kimberly Smith,Marketing,20
Steven Jennings,Finance,20
Shirley Rogers,Finance,20
Toni Castro,Engineering,20
Jesus Kent,Marketing,20
Alexis Johnson,HR,20
Katherine Aguilar,Sales,20
Patricia Mason,Sales,25
Eric Woodard,Engineering,20
Julie Foster MD,Engineering,26
Heather Wise,Finance,20
Kelli Booker,HR,28
Stacie Turner,Marketing,20
Brandon Leblanc,Engineering,20
John Little,Engineering,20
Sarah Fleming,Engineering,20
Kristen Castillo,Finance,20
Kristin Ward,Marketing,20
Mario Sanchez,Engineering,20
James Potts,Marketing,20
Marcus Richard,HR,20
Karen Fernandez,Marketing,20
Daniel Carr,Marketing,20
Shawn Rocha,Marketing,20
Jasmine Bradford,Sales,20
Jesus Cooper,Marketing,20
William Frost,Engineering,20
Alexander Walker,Marketing,20
Javier Russell,Finance,20
Mario Cross,Engineering,20
Jocelyn Rice,Engineering,20
Deborah Webb,Marketing,20
Danny Freeman,Engineering,20
Dorothy Rivera,Engineering,20
Brandy Smith,Engineering,20
Kathleen Anderson,HR,20
Brandon Chang,HR,20
Mrs. Cheyenne Henderson DVM,Sales,20
John Alexander,Finance,20
Kelly Green,Finance,20
Sonia Hoover,Engineering,20
Carol Klein,Engineering,20
Christina Spencer,Sales,20
Amber Davis,Finance,20
Dawn Roach,HR,20
Erik Shelton,Marketing,20
Roy Adams,Finance,20
Marcus Davis,Engineering,20
Jennifer Castaneda,Sales,20
Joshua Smith,HR,20
Carol Wright,Sales,20
Daniel Baker,Finance,20
Renee Beasley,HR,19
Paula Miller,Finance,20
Alison Hopkins,Finance,20
Heather Strong,Sales,20
Tabitha Quinn,Engineering,20
James White,HR,20
Kevin Torres,HR,20
Laura Marshall,Marketing,20
Rachel Taylor,Finance,20
Felicia Cruz,Sales,20
Toni Chase,Engineering,20
Courtney Burns,Marketing,20
Pamela Lee,Sales,20
Jose Smith,Engineering,20
Angelica Christian,Finance,20
Michael Mendoza,HR,20
Rachel Miller,Finance,20
Lisa Macdonald,Sales,20
Bradley Zhang,HR,23
Monica Vang,Engineering,19
Jacob Campbell,Sales,20
Jerry Hanson,Marketing,22
Nicole Garza,HR,20
Kevin Jenkins,Finance,20
Scott Castro,Finance,20
Eric Love,HR,20
Ralph Gutierrez,Sales,20
Jordan Rodriguez,Marketing,20
Brian Cook,Sales,19
Denise Hanson MD,Engineering,20
Matthew Rodriguez,Marketing,20
Brandy Potter,Sales,20
David Anderson,Finance,20
Stacey Simmons,Sales,20
Shawn Lucas,HR,26
Robert Brown PhD,Finance,20
Robert Rosales,Marketing,20
Samantha Powell,HR,20
John Simon,Marketing,20
Aaron Ford,Sales,20
Shirley Smith,Sales,20
William Thomas,Marketing,20
Daniel Schultz,Marketing,20
Mitchell May,Marketing,20
Rhonda Carson,Marketing,20
William Guerrero,Marketing,20
Zachary Spencer,Finance,20
Jacob Cole,HR,17
Michael Rogers,Marketing,20
Melissa Schultz,Marketing,25
Laura Wall,Finance,20
David Walker,Finance,20
Drew Jones,Engineering,20
Timothy Bowers,Marketing,20
Samuel Phillips,Marketing,20
Hannah White,HR,20
Danny Webb,Sales,20
Diane Wong,HR,26
Mary Thompson,Engineering,20
George Lewis,Engineering,20
Mia Carpenter,Marketing,20
Jeremy Stout,HR,20
Laurie Jones,HR,20
Sharon Hayes,Finance,18
Beth Hernandez,Engineering,20
William Owens,HR,20
Isabella Lawson,Marketing,20
Kristy Powell,Marketing,20
Melissa Herman,HR,20
Ronnie Ramirez,Sales,20
John Estrada,Sales,23
Michael Schmidt,Marketing,20
Emily Pugh,Marketing,20
Melissa Grant,Sales,20
Tammy Carter,Engineering,20
Timothy Martinez,HR,20
David Webster,HR,20
Samuel Hernandez,Finance,20
John Cruz,Finance,20
Heather Shaw,Sales,20
Evelyn Chang,Finance,29
Michael Khan,Engineering,20
Ashley Hicks,Sales,20
Luis Stanton,HR,20
Sierra Olson,Marketing,20
Julie Fitzpatrick,Marketing,20
Robert Kelley,Sales,20
Dale Hill,Marketing,20
Miguel Silva,Marketing,20
Heather Clark,Engineering,20
Joshua Henderson,HR,20
Sarah Peterson DVM,Engineering,20
James Collier,Sales,20
Wesley Brown,Sales,20
Angela Miller,Engineering,20
Douglas Barnes,Sales,20
Samuel Castro,HR,20
Richard Frank,Engineering,20
Martha Cline,Finance,20
Angela James,HR,20
Warren Velasquez,Engineering,20
Kayla May,Marketing,20
Laura Gentry,HR,20
Robin Lamb,Sales,20
Susan Bolton,Sales,20
Dr. Tammy Sanchez MD,Engineering,20
Michelle Neal,Engineering,20
Tammy Stephens,Engineering,20
Sara Burton,Engineering,20
Micheal Doyle,Sales,20
Louis Jones,Finance,20
Julie Wells,Engineering,20
Steven Harvey,Sales,20
Diamond Paul,Sales,20
Kent Carter Jr.,HR,20
Jennifer Fox,Sales,20
Patrick Hayes,Marketing,20
David Mack,Sales,20
Anita Clark,Finance,20
Sara Lester,HR,20
Katrina Pierce,Engineering,20
Jacob Rodriguez,Marketing,22
John Cooper,Marketing,20
Joseph Martinez,Marketing,20
Joseph Ortiz,Marketing,20
Erica Rivers,Finance,20
Jennifer Glover,Marketing,20
Patricia Burke DDS,Sales,20
Linda Chavez,Engineering,20
Nicole Jackson,Finance,20
Kenneth Phillips,Marketing,20
Tara Dawson,Marketing,20
Ariana Kirby,Finance,20
Elizabeth Washington,Sales,20
Derek Phillips,Sales,20
Katherine James,Sales,20
Trevor Bell,Sales,20
Sara Smith,Sales,20
Christina Bryant,Sales,20
Nicole Mcneil,Marketing,20
Angela Davis,Finance,20
Kimberly Dixon,Sales,20
Erika Jordan,HR,20
Tamara Rowe,HR,20
Tracy Jones MD,Finance,20
Mark Cortez,Finance,20
Michael Kline,Sales,20
Danielle Perez,HR,20
Tiffany Lyons,Finance,20
Joshua Hardy,Marketing,20
Daniel Robinson,HR,20
Kristen Johnson,Engineering,20
Stephanie Parker,Marketing,20
Patricia Soto,Marketing,20
Malik Johnson,Marketing,20
Gregory Scott,Engineering,20
Julia Lynn,Finance,20
Ms. Tiffany Barnes,Marketing,20
Wyatt Morris,Sales,20
William Rodriguez,Marketing,20
Angela Martinez,Sales,20
Samantha Ford,Engineering,20
Paul Carroll,HR,20
Sheryl Graves,Engineering,20
Sarah Morgan,Marketing,20
Jamie Ayers,Engineering,20
Timothy Rodriguez,Marketing,20
Allen Brooks,Engineering,22
Brent Howard,HR,20
Carla Mcguire,HR,20
Emily Ellis,Finance,20
Jacob Atkins,Engineering,20
James Sims,Finance,20
Heather Morales,Finance,20
Steven Grant,Sales,29
Kenneth Duran,Finance,20
Donna Holden,HR,20
Ian Stevens,Marketing,20
Morgan Lewis,Marketing,20
Steven Castillo,Engineering,21
John Mitchell,HR,20
John Marks,Marketing,20
Abigail Chapman,Sales,20
Ashley Potts,Finance,20
Katherine Ortiz,Finance,20
James Benitez,HR,20
Heather Vega,Sales,20
Gregory Hutchinson,Marketing,20
Cindy Haley,Sales,26
David Washington,Sales,20
David Sullivan,Engineering,20
Jennifer Ward,Marketing,20
Christopher Andrade,HR,20
Sonya Flores,Sales,20
Dr. Stephen Villarreal,Sales,20
Jennifer Burke,Sales,20
Travis Brown,Sales,20
Michael Contreras,Sales,20
Bryan Lopez,Engineering,20
Andrew Mosley,Engineering,20
Brandon Nguyen,Finance,20
Carol Martinez,HR,20
Joyce Avery,Marketing,20
Chelsea Roberts,Sales,20
Miguel Wallace,HR,20
Ashley Dawson,Engineering,16
Melissa Martin,Engineering,27
Robert Petersen,Sales,26
Amanda Boone,Marketing,16
Amanda Duran,Engineering,20
Ronnie Wilson,HR,20
Michael Phillips,Engineering,20
Kristin Lin,HR,20
Ryan Galvan,Marketing,20
Melissa Jordan,Sales,20
Fernando Joyce,Marketing,20
Anna Williams,Finance,20
Tim Montgomery,HR,20
Billy Horn,Engineering,20
Lisa Mcgee,Marketing,20
Barbara Keller,HR,20
Bonnie Wise,Sales,20
Sydney Lewis,Sales,20
Nathan Young,HR,20
Joshua Berg,HR,20
Keith Ortiz,Sales,20
Steven Poole,Engineering,20
Larry Velasquez,Sales,24
Jason Park,Sales,20
Sarah Hicks,Marketing,20
Rachel Barnes,Marketing,20
Michael Mitchell,HR,20
Kelly Fischer,Marketing,20
Amy Campbell,HR,20
Jacob Frey,Engineering,20
Sandra Davis,Finance,20
David Lewis,Sales,20
Lee Lane,Marketing,20
Scott Mays,Sales,20
Michael Whitehead,HR,20
Debra Ortega,HR,20
Amber Rodriguez,HR,20
Erica Griffin,Engineering,20
Aaron James,HR,20
Stephanie Cook,Engineering,20
Brenda Mcdaniel,HR,20
Samantha Mendez,HR,20
David Davidson,Marketing,20
Dr. Brenda Camacho,Marketing,20
Joshua Miller,Sales,20
Melody Obrien,Sales,20
Rachel Valenzuela,Marketing,20
Deborah Diaz,Marketing,18
Luke Santiago,Engineering,20
Jeanette Decker,Finance,20
Philip Lee,Finance,20
James Warner,Sales,20
Heidi Smith,Engineering,20
Richard Gibson,HR,20
Angela Park,Sales,20
Joseph Ellis,HR,20
George Johnson,Sales,20
Jaime Price,Sales,20
Christina Campbell,Finance,20
Debra Allen,Marketing,20
Nicole Jackson,Sales,20
Janet Bennett,Finance,20
Matthew Elliott,HR,20
Madison Brown,HR,20
Carolyn Dunn,Marketing,20
Cynthia Smith,Finance,20
Debra Goodwin,Marketing,20
Richard Martinez,HR,20
Steven Phelps,Finance,20
Brett Marshall,HR,20
Jeremy Wallace,Sales,20
Charles Roberts,HR,20
Nicole Mcfarland,Finance,20
Thomas Edwards,Marketing,20
Nicholas Randall,Marketing,20
Sherri Robinson,Marketing,20
Linda Allen,HR,20
Melissa Benjamin,Finance,20
Richard Buckley,Sales,20
Patricia Ford,Marketing,20
Leslie Elliott,Finance,20
Robin Hernandez,Engineering,20
Zachary Gaines,Sales,20
Jade Hughes,Finance,20
William Moody,Marketing,20
Amy Hale,HR,20
Joe Carter,HR,20
Melissa Moon,Sales,20
Elizabeth Smith,Engineering,20
Debra Romero,Finance,20
Adam Higgins,HR,20
Deborah Booth DDS,Sales,20
Leslie Johnson,HR,20
Nicole Scott,HR,20
Shane Cruz,Finance,20
Michael Espinoza,Marketing,20
Colleen Nguyen,Marketing,20
Christopher Lambert,Marketing,20
Dennis Butler,HR,20
Richard Chandler,HR,20
Nancy Rosario,Marketing,20
Christopher Martinez,Finance,20
Isaac Myers,Engineering,20
Elizabeth Martin,Engineering,20
Kimberly Cobb,Marketing,20
Edwin Summers,Marketing,20
Nicholas Brown,Sales,20
Jeremy Adams,Marketing,20
Megan Newton,Marketing,20
Trevor Benson,Engineering,20
Cassidy Pham,Marketing,20
Joseph Flores,Marketing,20
Dawn Jones,Finance,20
Veronica Dean,Sales,21
Ryan Vang,Marketing,20
Kimberly Dunn,Finance,20
Brent Lewis,HR,20
Courtney Padilla,Finance,20
Andrew Johnson,HR,20
Matthew Jackson,Sales,20
Carrie Foster,Engineering,20
Christopher Barker,HR,21
Daniel Cummings,Sales,20
Jill Wilson,Marketing,20
April Hill,Finance,21
Katherine Nguyen,Sales,20
Tony Sanchez,HR,20
Mark Campbell,HR,20
Dakota Swanson,Engineering,20
Sandy Hughes,Marketing,20
Dominic Henry,Engineering,20
James Sherman,Marketing,20
Daniel Rose,Engineering,20
Billy Smith,Finance,20
Scott Oliver,Engineering,20
Ashley Garcia,Sales,20
Emily Richard,Engineering,20
John Porter,Marketing,20
Jeffery Coleman,Sales,20
Julie Carroll,Engineering,20
Kristin Jones,HR,20
Shannon Jacobs,Sales,20
Sean Lynn,Engineering,20
Damon Harris,Marketing,20
Robert Holt,HR,16
Danielle Washington,HR,28
Amanda Martinez,Engineering,20
Christopher Perez,HR,20
Megan Anderson,Marketing,20
Jennifer Williams,Marketing,20
Aaron Parker,Sales,20
Chris Turner,Finance,20
Dorothy Stone,Finance,20
Anthony Vaughn,HR,20
Alex Ruiz,Engineering,21
Kyle Smith,Sales,20
Jack Berry,Marketing,20
Mark Fletcher,Marketing,24
Caleb Case,Engineering,20
Holly Young,Sales,20
Marissa Campbell,Sales,20
Ashley Chandler,Engineering,20
Steven Graham,HR,20
Peter Cruz,Marketing,20
Matthew Rogers,Sales,26
Larry Scott,Marketing,20
Katrina Smith,HR,20
Jamie Ramirez,HR,20
Lucas Hughes,Sales,20
Kevin Hill,Sales,20
Kenneth Powell,Engineering,20
Betty Ellison,Engineering,20
Eric Gonzalez,Marketing,20
Mark Gibbs,Marketing,20
Nicholas Peterson,Marketing,20
Krystal Best,Marketing,20
Stephen Buchanan,Sales,20
Mary Lee,HR,20
Sarah Arnold,Sales,29
Dana Lee,Marketing,20
Kayla Moore,Marketing,20
Beth Garcia,Marketing,20
Tammy Quinn,HR,20
Mary Huang,Marketing,20
Joseph Russell,Finance,20
Michael Keith,HR,28
Randall Miller,Engineering,20
Charles Ramos,HR,20
Patricia Walter,Finance,20
John Ortiz,Sales,20
Donna Blackwell,HR,20
Hunter May,Marketing,20
Jason Thomas,HR,20
Shelia Johnson,Engineering,20
Angela Buchanan,Sales,20
Regina Edwards,Marketing,20
David Bishop,Sales,20
Kimberly Brown,Engineering,20
Matthew Harris,HR,20
Ariana Bates,Engineering,25
Cody Williams,Engineering,20
Anthony Aguilar,Engineering,20
Ruth Williams,HR,20
Matthew Monroe,HR,28
Summer Robinson,Finance,20
Jesse Schmitt,Sales,20
Zachary Thornton,HR,20
Angela Weiss,Engineering,20
Greg Lopez,Finance,20
Daniel Hoffman,HR,20
Michael Rodriguez,Engineering,20
Samantha Fox,Marketing,20
Nicole Lopez,HR,20
Rachel Jones,Engineering,20
Brandon Reynolds,Engineering,20
Rachel Mcconnell,Engineering,20
Jenna Walker,Finance,20
Heidi Boyd,Sales,20
Casey Miranda,Engineering,20
Sara Austin,Finance,20
Stephanie Harris,HR,20
Lance Rodriguez,Finance,20
Hector Williams,Finance,21
Willie Mendez,Marketing,20
Lisa Durham,Sales,20
Tamara Crane,Marketing,20
Larry Bautista,Finance,20
Allison Gonzalez,Sales,20
Ryan Dyer,HR,26
Brittany Ruiz,HR,20
Sarah Buckley,Engineering,20
Nathan Mcdaniel,Sales,20
Joshua Moses,Marketing,20
Michael Jackson,HR,20
Jason Lawson,Sales,20
John Long,Marketing,20
Roger Lynch,Sales,29
Cindy Olson,HR,20
Kenneth King V,Engineering,20
Stephen Maldonado,Engineering,20
Jaclyn Robinson,Marketing,20
John Nguyen,Marketing,20
Robert Brewer,HR,20
David Leon,Sales,20
Daniel James,Sales,20
Michael Weiss,Finance,20
Michael Murphy,Sales,28
Sara Bean,Finance,20
Perry Kelly,Sales,20
Kathleen Rogers MD,HR,20
Elizabeth Miller,Marketing,20
Joanne Davenport,Marketing,20
Grace Allen,Finance,20
Joe Gutierrez,Engineering,20
Stanley Collins DDS,Marketing,20
Patrick Cruz,Marketing,20
Timothy George,HR,20
Michael Maldonado,Sales,20
Eric Cole,Marketing,20
Rebecca Evans,Marketing,20
Robert Baker,HR,20
Kristen Peterson,Engineering,20
Ms. Laurie Perry,Sales,20
Johnny Horton,HR,20
Edward Watson,Engineering,20
Brianna Davis,HR,20
Kelsey Miles,HR,20
Dakota Farrell,Marketing,20
Nancy Stone,Engineering,20
David Larsen,Sales,20
Julie Gaines,Finance,20
Elaine Buchanan,Marketing,20
Todd Ford,Sales,25
Melinda Johnson,Engineering,20
Breanna Park,Engineering,20
Heather Ross,HR,20
Michael Harris,HR,20
Krystal Strickland,Sales,20
Tina Bush,Marketing,20
Jamie Horton,Marketing,20
Joseph Mitchell,Marketing,20
Carly Payne,Marketing,20
Nicholas Jackson,Engineering,20
David Price,Sales,20
Katelyn Gallegos,Marketing,20
Michael Meza,HR,20
Summer Kidd,Engineering,20
Melissa Griffin,Sales,20
Jean Stuart,Engineering,20
Katherine Faulkner,Finance,20
Daniel Dunn,Finance,20
Julia Buchanan,Engineering,20
Melissa Kerr,Sales,20
Brent Jones,Finance,20
Joel Adams DDS,HR,20
Elizabeth Pope,Finance,20
Ian Cobb,Finance,20
April Jordan,Marketing,20
Christopher Kim,Engineering,20
Thomas Wilson,Marketing,20
Dr. Mary Jones,Marketing,19
Ashley Jones,HR,20
Kelli Barron,Finance,20
Anna Brown,Marketing,20
James Barrera,Engineering,20
Erin Thompson,HR,20
Luis Miller,Engineering,20
Rebekah Goodwin,Engineering,20
Kimberly Martin,Engineering,20
Laurie Maddox MD,Marketing,20
Kimberly Wiggins,HR,20
Ashlee Wong,Sales,20
Regina Wood,Finance,20
Michael Pierce,Sales,20
Ryan Rivera,Sales,16
Cindy Kidd,HR,18
Jon Cardenas,Engineering,20
Kimberly Robinson,Engineering,20
Melissa Reed,Engineering,20
Carrie Cook,Engineering,20
James Ramirez,Engineering,20
Mackenzie Wheeler,Marketing,20
Barbara Ellis,HR,20
Jacob Butler,Sales,20
Bridget Shaw,Finance,20
Alexis Anderson,Engineering,20
Courtney Brooks,HR,20
Lisa Hunt,HR,20
Bailey Anderson,Engineering,20
David Williams,Engineering,20
Joann Russell MD,Engineering,20
Cassie Gutierrez,Engineering,20
Joshua Allen,Engineering,20
Jonathan Gomez,Marketing,20
Natalie Brady,Marketing,20
Jacob Anderson,Finance,20
Kimberly Owens,Finance,20
Corey Jones,Finance,20
Sarah Austin,Marketing,20
Shirley Atkins,Engineering,20
Matthew Walker,Sales,29
Regina Villa,Finance,20
Ronald Collins,Sales,20
Shannon Lopez,Marketing,20
Tricia Beard,Sales,20
Jason Williams,Finance,20
Erik Duncan,Finance,20
Carrie Greene,Engineering,20
Joshua Johnson,Sales,20
Michelle Stone,Engineering,20
Peter Powers,Engineering,20
Jason Mendoza,Finance,20
Amanda Montgomery,Finance,20
Tina Hamilton,Finance,20
Mary Williamson,HR,20
Jennifer Bailey,Marketing,20
Robert Castillo,HR,27
Brittney Collins,Marketing,20
Nicole Hudson,HR,20
John Hunt,Marketing,20
Lisa Ward,Sales,20
Debra Ray,Marketing,16
Jason Deleon,Marketing,20
Monica Garcia,Finance,20
Joseph Ryan,Finance,20
Francis Turner,Engineering,20
Melissa Ashley,Sales,20
Robert Shelton,Sales,20
Jerry Newman,Finance,26
